ID,Image batch,Image channel,Image height,Image width,Output depth,Output height,Output width,Filter height,Filter width,Padding top,Padding bottom,Padding left,Padding right,Stride height,Stride width,Dilation height,Dilation width,Grouped
0,1,3,256,256,24,128,128,3,3,1,1,1,1,2,2,1,1,1
1,1,24,128,128,32,128,128,3,3,1,1,1,1,1,1,1,1,1
2,1,32,128,128,64,128,128,3,3,1,1,1,1,1,1,1,1,1
3,1,3,224,224,768,14,14,16,16,0,0,0,0,16,16,1,1,1
4,1,3,384,384,768,24,24,16,16,0,0,0,0,16,16,1,1,1
5,1,3,224,224,1024,14,14,16,16,0,0,0,0,16,16,1,1,1
6,1,3,384,384,1024,24,24,16,16,0,0,0,0,16,16,1,1,1
7,1,3,512,512,1024,32,32,16,16,0,0,0,0,16,16,1,1,1
8,1,64,64,64,64,64,64,3,3,1,1,1,1,1,1,1,1,1
9,1,128,64,64,128,32,32,3,3,1,1,1,1,2,2,1,1,1
10,1,128,32,32,128,32,32,3,3,1,1,1,1,1,1,1,1,1
11,1,256,32,32,256,16,16,3,3,1,1,1,1,2,2,1,1,1
12,1,256,16,16,256,16,16,3,3,1,1,1,1,1,1,1,1,1
13,1,512,16,16,512,8,8,3,3,1,1,1,1,2,2,1,1,1
14,1,512,8,8,512,8,8,3,3,1,1,1,1,1,1,1,1,1
15,1,3,224,224,128,56,56,7,7,2,2,2,2,4,4,1,1,1
16,1,128,56,56,256,28,28,3,3,1,1,1,1,2,2,1,1,1
17,1,256,28,28,512,14,14,3,3,1,1,1,1,2,2,1,1,1
18,1,512,14,14,768,7,7,3,3,1,1,1,1,2,2,1,1,1
19,1,3,224,224,96,56,56,7,7,2,2,2,2,4,4,1,1,1
20,1,96,56,56,192,28,28,3,3,1,1,1,1,2,2,1,1,1
21,1,192,28,28,384,14,14,3,3,1,1,1,1,2,2,1,1,1
22,1,384,14,14,576,7,7,3,3,1,1,1,1,2,2,1,1,1
23,1,3,224,224,64,56,56,7,7,2,2,2,2,4,4,1,1,1
24,1,64,56,56,128,28,28,3,3,1,1,1,1,2,2,1,1,1
25,1,128,28,28,320,14,14,3,3,1,1,1,1,2,2,1,1,1
26,1,320,14,14,512,7,7,3,3,1,1,1,1,2,2,1,1,1
27,1,3,448,448,768,28,28,16,16,0,0,0,0,16,16,1,1,1
28,1,3,224,224,384,14,14,16,16,0,0,0,0,16,16,1,1,1
29,1,3,384,384,384,24,24,16,16,0,0,0,0,16,16,1,1,1
30,1,3,384,384,288,24,24,16,16,0,0,0,0,16,16,1,1,1
31,1,3,224,224,192,14,14,16,16,0,0,0,0,16,16,1,1,1
32,1,3,384,384,192,24,24,16,16,0,0,0,0,16,16,1,1,1
33,1,3,224,224,128,56,56,4,4,0,0,0,0,4,4,1,1,1
34,1,128,56,56,256,28,28,2,2,0,0,0,0,2,2,1,1,1
35,1,256,28,28,320,14,14,2,2,0,0,0,0,2,2,1,1,1
36,1,320,14,14,512,7,7,2,2,0,0,0,0,2,2,1,1,1
37,1,3,384,384,128,96,96,4,4,0,0,0,0,4,4,1,1,1
38,1,128,96,96,256,48,48,2,2,0,0,0,0,2,2,1,1,1
39,1,256,48,48,320,24,24,2,2,0,0,0,0,2,2,1,1,1
40,1,320,24,24,512,12,12,2,2,0,0,0,0,2,2,1,1,1
41,1,3,224,224,64,56,56,4,4,0,0,0,0,4,4,1,1,1
42,1,64,56,56,128,28,28,2,2,0,0,0,0,2,2,1,1,1
43,1,128,28,28,320,14,14,2,2,0,0,0,0,2,2,1,1,1
44,1,128,28,28,256,14,14,2,2,0,0,0,0,2,2,1,1,1
45,1,256,14,14,320,7,7,2,2,0,0,0,0,2,2,1,1,1
46,1,3,224,224,152,56,56,4,4,0,0,0,0,4,4,1,1,1
47,1,152,56,56,216,28,28,2,2,0,0,0,0,2,2,1,1,1
48,1,216,28,28,216,14,14,2,2,0,0,0,0,2,2,1,1,1
49,1,216,14,14,216,7,7,2,2,0,0,0,0,2,2,1,1,1
50,1,152,56,56,320,28,28,2,2,0,0,0,0,2,2,1,1,1
51,1,320,28,28,320,14,14,2,2,0,0,0,0,2,2,1,1,1
52,1,320,14,14,320,7,7,2,2,0,0,0,0,2,2,1,1,1
53,1,152,56,56,152,28,28,2,2,0,0,0,0,2,2,1,1,1
54,1,152,28,28,152,14,14,2,2,0,0,0,0,2,2,1,1,1
55,1,152,14,14,152,7,7,2,2,0,0,0,0,2,2,1,1,1
56,1,3,224,224,64,112,112,3,3,1,1,1,1,2,2,1,1,1
57,1,64,112,112,64,112,112,3,3,1,1,1,1,1,1,1,1,1
58,1,3,224,224,32,112,112,3,3,1,1,1,1,2,2,1,1,1
59,1,32,112,112,64,112,112,3,3,1,1,1,1,1,1,1,1,1
60,1,3,224,224,128,112,112,3,3,1,1,1,1,2,2,1,1,1
61,1,128,112,112,128,112,112,3,3,1,1,1,1,1,1,1,1,1
62,1,64,112,112,128,112,112,3,3,1,1,1,1,1,1,1,1,1
63,1,3,224,224,192,112,112,3,3,1,1,1,1,2,2,1,1,1
64,1,192,112,112,192,112,112,3,3,1,1,1,1,1,1,1,1,1
65,1,3,224,224,96,112,112,3,3,1,1,1,1,2,2,1,1,1
66,1,96,112,112,192,112,112,3,3,1,1,1,1,1,1,1,1,1
67,1,3,384,384,64,192,192,3,3,1,1,1,1,2,2,1,1,1
68,1,64,192,192,128,192,192,3,3,1,1,1,1,1,1,1,1,1
69,1,3,224,224,432,14,14,16,16,0,0,0,0,16,16,1,1,1
70,1,3,224,224,768,32,32,7,7,0,0,0,0,7,7,1,1,1
71,1,3,224,224,1024,16,16,14,14,0,0,0,0,14,14,1,1,1
72,1,3,224,224,1536,32,32,7,7,0,0,0,0,7,7,1,1,1
73,1,3,224,224,40,56,56,4,4,0,0,0,0,4,4,1,1,1
74,1,40,56,56,80,28,28,2,2,0,0,0,0,2,2,1,1,1
75,1,80,28,28,160,14,14,2,2,0,0,0,0,2,2,1,1,1
76,1,160,14,14,320,7,7,2,2,0,0,0,0,2,2,1,1,1
77,1,3,224,224,24,112,112,3,3,1,1,1,1,2,2,1,1,1
78,1,24,112,112,40,56,56,3,3,1,1,1,1,2,2,1,1,1
79,1,256,28,28,512,14,14,2,2,0,0,0,0,2,2,1,1,1
80,1,512,14,14,1024,7,7,2,2,0,0,0,0,2,2,1,1,1
81,1,3,224,224,48,56,56,4,4,0,0,0,0,4,4,1,1,1
82,1,48,56,56,96,28,28,2,2,0,0,0,0,2,2,1,1,1
83,1,96,28,28,192,14,14,2,2,0,0,0,0,2,2,1,1,1
84,1,192,14,14,384,7,7,2,2,0,0,0,0,2,2,1,1,1
85,1,24,112,112,48,56,56,3,3,1,1,1,1,2,2,1,1,1
86,1,3,224,224,192,56,56,4,4,0,0,0,0,4,4,1,1,1
87,1,192,56,56,384,28,28,2,2,0,0,0,0,2,2,1,1,1
88,1,384,28,28,768,14,14,2,2,0,0,0,0,2,2,1,1,1
89,1,768,14,14,1536,7,7,2,2,0,0,0,0,2,2,1,1,1
90,1,3,320,320,192,80,80,4,4,0,0,0,0,4,4,1,1,1
91,1,192,80,80,384,40,40,2,2,0,0,0,0,2,2,1,1,1
92,1,384,40,40,768,20,20,2,2,0,0,0,0,2,2,1,1,1
93,1,768,20,20,1536,10,10,2,2,0,0,0,0,2,2,1,1,1
94,1,3,224,224,80,56,56,4,4,0,0,0,0,4,4,1,1,1
95,1,80,56,56,160,28,28,2,2,0,0,0,0,2,2,1,1,1
96,1,160,28,28,320,14,14,2,2,0,0,0,0,2,2,1,1,1
97,1,320,14,14,640,7,7,2,2,0,0,0,0,2,2,1,1,1
98,1,3,224,224,80,112,112,3,3,1,1,1,1,2,2,1,1,1
99,1,80,112,112,80,56,56,3,3,1,1,1,1,2,2,1,1,1
100,1,256,14,14,512,7,7,2,2,0,0,0,0,2,2,1,1,1
101,1,3,224,224,32,112,112,3,3,1,1,1,1,2,2,1,1,1
102,1,32,112,112,64,56,56,3,3,1,1,1,1,2,2,1,1,1
103,1,3,224,224,96,56,56,4,4,0,0,0,0,4,4,1,1,1
104,1,96,56,56,192,28,28,2,2,0,0,0,0,2,2,1,1,1
105,1,192,28,28,384,14,14,2,2,0,0,0,0,2,2,1,1,1
106,1,384,14,14,768,7,7,2,2,0,0,0,0,2,2,1,1,1
107,1,3,224,224,256,56,56,4,4,0,0,0,0,4,4,1,1,1
108,1,256,56,56,512,28,28,2,2,0,0,0,0,2,2,1,1,1
109,1,512,28,28,1024,14,14,2,2,0,0,0,0,2,2,1,1,1
110,1,1024,14,14,2048,7,7,2,2,0,0,0,0,2,2,1,1,1
111,1,3,256,256,384,64,64,4,4,0,0,0,0,4,4,1,1,1
112,1,384,64,64,768,32,32,2,2,0,0,0,0,2,2,1,1,1
113,1,768,32,32,1536,16,16,2,2,0,0,0,0,2,2,1,1,1
114,1,1536,16,16,3072,8,8,2,2,0,0,0,0,2,2,1,1,1
115,1,3,224,224,32,56,56,4,4,0,0,0,0,4,4,1,1,1
116,1,32,56,56,64,28,28,2,2,0,0,0,0,2,2,1,1,1
117,1,64,28,28,128,14,14,2,2,0,0,0,0,2,2,1,1,1
118,1,128,14,14,256,7,7,2,2,0,0,0,0,2,2,1,1,1
119,1,32,112,112,32,56,56,3,3,1,1,1,1,2,2,1,1,1
120,1,3,384,384,352,96,96,4,4,0,0,0,0,4,4,1,1,1
121,1,352,96,96,704,48,48,2,2,0,0,0,0,2,2,1,1,1
122,1,704,48,48,1408,24,24,2,2,0,0,0,0,2,2,1,1,1
123,1,1408,24,24,2816,12,12,2,2,0,0,0,0,2,2,1,1,1
124,1,3,240,240,128,20,20,12,12,0,0,0,0,12,12,1,1,1
125,1,3,224,224,256,14,14,16,16,0,0,0,0,16,16,1,1,1
126,1,3,240,240,32,60,60,7,7,3,3,3,3,4,4,1,1,1
127,1,32,60,60,64,20,20,3,3,0,0,0,0,3,3,1,1,1
128,1,64,20,20,128,20,20,3,3,1,1,1,1,1,1,1,1,1
129,1,3,224,224,64,56,56,7,7,3,3,3,3,4,4,1,1,1
130,1,128,28,28,256,14,14,3,3,1,1,1,1,2,2,1,1,1
131,1,3,240,240,192,20,20,12,12,0,0,0,0,12,12,1,1,1
132,1,3,240,240,48,60,60,7,7,3,3,3,3,4,4,1,1,1
133,1,48,60,60,96,20,20,3,3,0,0,0,0,3,3,1,1,1
134,1,96,20,20,192,20,20,3,3,1,1,1,1,1,1,1,1,1
135,1,3,224,224,96,56,56,7,7,3,3,3,3,4,4,1,1,1
136,1,3,408,408,48,102,102,7,7,3,3,3,3,4,4,1,1,1
137,1,48,102,102,96,34,34,3,3,0,0,0,0,3,3,1,1,1
138,1,96,34,34,192,34,34,3,3,1,1,1,1,1,1,1,1,1
139,1,3,384,384,96,96,96,7,7,3,3,3,3,4,4,1,1,1
140,1,96,96,96,192,48,48,3,3,1,1,1,1,2,2,1,1,1
141,1,192,48,48,384,24,24,3,3,1,1,1,1,2,2,1,1,1
142,1,3,240,240,224,20,20,12,12,0,0,0,0,12,12,1,1,1
143,1,3,224,224,448,14,14,16,16,0,0,0,0,16,16,1,1,1
144,1,3,240,240,56,60,60,7,7,3,3,3,3,4,4,1,1,1
145,1,56,60,60,112,20,20,3,3,0,0,0,0,3,3,1,1,1
146,1,112,20,20,224,20,20,3,3,1,1,1,1,1,1,1,1,1
147,1,3,224,224,112,56,56,7,7,3,3,3,3,4,4,1,1,1
148,1,112,56,56,224,28,28,3,3,1,1,1,1,2,2,1,1,1
149,1,224,28,28,448,14,14,3,3,1,1,1,1,2,2,1,1,1
150,1,3,408,408,56,102,102,7,7,3,3,3,3,4,4,1,1,1
151,1,56,102,102,112,34,34,3,3,0,0,0,0,3,3,1,1,1
152,1,112,34,34,224,34,34,3,3,1,1,1,1,1,1,1,1,1
153,1,3,384,384,112,96,96,7,7,3,3,3,3,4,4,1,1,1
154,1,112,96,96,224,48,48,3,3,1,1,1,1,2,2,1,1,1
155,1,224,48,48,448,24,24,3,3,1,1,1,1,2,2,1,1,1
156,1,3,240,240,384,20,20,12,12,0,0,0,0,12,12,1,1,1
157,1,3,240,240,96,20,20,12,12,0,0,0,0,12,12,1,1,1
158,1,3,256,256,64,128,128,6,6,2,2,2,2,2,2,1,1,1
159,1,64,128,128,64,64,64,3,3,1,1,1,1,2,2,1,1,1
160,1,3,256,256,48,128,128,6,6,2,2,2,2,2,2,1,1,1
161,1,48,128,128,48,64,64,3,3,1,1,1,1,2,2,1,1,1
162,1,48,64,64,48,64,64,3,3,1,1,1,1,1,1,1,1,1
163,1,96,64,64,96,32,32,3,3,1,1,1,1,2,2,1,1,1
164,1,96,32,32,96,32,32,3,3,1,1,1,1,1,1,1,1,1
165,1,192,32,32,192,16,16,3,3,1,1,1,1,2,2,1,1,1
166,1,192,16,16,192,16,16,3,3,1,1,1,1,1,1,1,1,1
167,1,384,16,16,384,8,8,3,3,1,1,1,1,2,2,1,1,1
168,1,384,8,8,384,8,8,3,3,1,1,1,1,1,1,1,1,1
169,1,3,256,256,32,128,128,6,6,2,2,2,2,2,2,1,1,1
170,1,32,128,128,32,64,64,3,3,1,1,1,1,2,2,1,1,1
171,1,32,64,64,32,64,64,3,3,1,1,1,1,1,1,1,1,1
172,1,64,64,64,64,32,32,3,3,1,1,1,1,2,2,1,1,1
173,1,64,32,32,64,32,32,3,3,1,1,1,1,1,1,1,1,1
174,1,128,32,32,128,16,16,3,3,1,1,1,1,2,2,1,1,1
175,1,128,16,16,128,16,16,3,3,1,1,1,1,1,1,1,1,1
176,1,256,16,16,256,8,8,3,3,1,1,1,1,2,2,1,1,1
177,1,256,8,8,256,8,8,3,3,1,1,1,1,1,1,1,1,1
178,1,3,256,256,80,128,128,6,6,2,2,2,2,2,2,1,1,1
179,1,80,128,128,80,64,64,3,3,1,1,1,1,2,2,1,1,1
180,1,80,64,64,80,64,64,3,3,1,1,1,1,1,1,1,1,1
181,1,160,64,64,160,32,32,3,3,1,1,1,1,2,2,1,1,1
182,1,160,32,32,160,32,32,3,3,1,1,1,1,1,1,1,1,1
183,1,320,32,32,320,16,16,3,3,1,1,1,1,2,2,1,1,1
184,1,320,16,16,320,16,16,3,3,1,1,1,1,1,1,1,1,1
185,1,640,16,16,640,8,8,3,3,1,1,1,1,2,2,1,1,1
186,1,640,8,8,640,8,8,3,3,1,1,1,1,1,1,1,1,1
187,1,3,256,256,32,128,128,3,3,1,1,1,1,2,2,1,1,1
188,1,24,128,128,48,128,128,3,3,1,1,1,1,1,1,1,1,1
189,1,3,256,256,16,128,128,3,3,1,1,1,1,2,2,1,1,1
190,1,16,128,128,32,128,128,3,3,1,1,1,1,1,1,1,1,1
191,1,3,256,256,40,128,128,3,3,1,1,1,1,2,2,1,1,1
192,1,40,128,128,80,128,128,3,3,1,1,1,1,1,1,1,1,1
193,1,80,64,64,120,64,64,3,3,1,1,1,1,1,1,1,1,1
194,1,160,32,32,240,32,32,3,3,1,1,1,1,1,1,1,1,1
195,1,320,16,16,480,16,16,3,3,1,1,1,1,1,1,1,1,1
196,1,640,8,8,960,8,8,3,3,1,1,1,1,1,1,1,1,1
197,1,256,64,64,256,32,32,3,3,1,1,1,1,2,2,1,1,1
198,1,3,256,256,32,256,256,3,3,1,1,1,1,1,1,1,1,1
199,1,32,256,256,64,128,128,3,3,1,1,1,1,2,2,1,1,1
200,1,64,128,128,128,64,64,3,3,1,1,1,1,2,2,1,1,1
201,1,128,64,64,256,32,32,3,3,1,1,1,1,2,2,1,1,1
202,1,256,32,32,512,16,16,3,3,1,1,1,1,2,2,1,1,1
203,1,512,16,16,1024,8,8,3,3,1,1,1,1,2,2,1,1,1
204,1,3,256,256,64,128,128,7,7,3,3,3,3,2,2,1,1,1
205,1,32,128,128,32,128,128,3,3,1,1,1,1,1,1,1,1,1
206,1,512,32,32,512,16,16,3,3,1,1,1,1,2,2,1,1,1
207,1,1024,16,16,1024,8,8,3,3,1,1,1,1,2,2,1,1,1
208,1,64,64,64,128,64,64,3,3,1,1,1,1,1,1,1,1,1
209,1,128,32,32,256,32,32,3,3,1,1,1,1,1,1,1,1,1
210,1,256,16,16,512,16,16,3,3,1,1,1,1,1,1,1,1,1
211,1,512,8,8,1024,8,8,3,3,1,1,1,1,1,1,1,1,1
212,1,3,224,224,128,56,56,7,7,3,3,3,3,4,4,1,1,1
213,1,3,768,768,128,192,192,7,7,3,3,3,3,4,4,1,1,1
214,1,128,192,192,256,96,96,3,3,1,1,1,1,2,2,1,1,1
215,1,256,96,96,512,48,48,3,3,1,1,1,1,2,2,1,1,1
216,1,512,48,48,1024,24,24,3,3,1,1,1,1,2,2,1,1,1
217,1,3,224,224,384,56,56,7,7,3,3,3,3,4,4,1,1,1
218,1,384,56,56,768,28,28,2,2,0,0,0,0,2,2,1,1,1
219,1,768,28,28,1536,14,14,2,2,0,0,0,0,2,2,1,1,1
220,1,1536,14,14,3072,7,7,2,2,0,0,0,0,2,2,1,1,1
221,1,3,224,224,256,56,56,7,7,3,3,3,3,4,4,1,1,1
222,1,3,768,768,256,192,192,7,7,3,3,3,3,4,4,1,1,1
223,1,256,192,192,512,96,96,3,3,1,1,1,1,2,2,1,1,1
224,1,512,96,96,1024,48,48,3,3,1,1,1,1,2,2,1,1,1
225,1,1024,48,48,2048,24,24,3,3,1,1,1,1,2,2,1,1,1
226,1,3,224,224,192,56,56,7,7,3,3,3,3,4,4,1,1,1
227,1,3,224,224,1280,16,16,14,14,0,0,0,0,14,14,1,1,1
228,1,3,224,224,512,14,14,16,16,0,0,0,0,16,16,1,1,1
229,1,3,224,224,64,112,112,7,7,3,3,3,3,2,2,1,1,1
230,1,128,56,56,32,56,56,3,3,1,1,1,1,1,1,1,1,1
231,1,128,28,28,32,28,28,3,3,1,1,1,1,1,1,1,1,1
232,1,128,14,14,32,14,14,3,3,1,1,1,1,1,1,1,1,1
233,1,128,7,7,32,7,7,3,3,1,1,1,1,1,1,1,1,1
234,1,3,224,224,96,112,112,7,7,3,3,3,3,2,2,1,1,1
235,1,192,56,56,48,56,56,3,3,1,1,1,1,1,1,1,1,1
236,1,192,28,28,48,28,28,3,3,1,1,1,1,1,1,1,1,1
237,1,192,14,14,48,14,14,3,3,1,1,1,1,1,1,1,1,1
238,1,192,7,7,48,7,7,3,3,1,1,1,1,1,1,1,1,1
239,1,3,224,224,48,112,112,3,3,1,1,1,1,2,2,1,1,1
240,1,48,112,112,48,112,112,3,3,1,1,1,1,1,1,1,1,1
241,1,48,112,112,96,112,112,3,3,1,1,1,1,1,1,1,1,1
242,1,32,112,112,32,112,112,3,3,1,1,1,1,1,1,1,1,1
243,1,3,224,224,16,224,224,7,7,3,3,3,3,1,1,1,1,1
244,1,16,224,224,16,224,224,3,3,1,1,1,1,1,1,1,1,1
245,1,16,224,224,32,112,112,3,3,1,1,1,1,2,2,1,1,1
246,1,32,112,112,64,56,56,3,3,1,1,1,1,2,2,1,1,1
247,1,64,56,56,64,56,56,3,3,1,1,1,1,1,1,1,1,1
248,1,64,56,56,128,28,28,3,3,1,1,1,1,2,2,1,1,1
249,1,128,28,28,128,28,28,3,3,1,1,1,1,1,1,1,1,1
250,1,128,28,28,256,14,14,3,3,1,1,1,1,2,2,1,1,1
251,1,256,14,14,256,14,14,3,3,1,1,1,1,1,1,1,1,1
252,1,256,14,14,512,7,7,3,3,1,1,1,1,2,2,1,1,1
253,1,512,7,7,512,7,7,3,3,1,1,1,1,1,1,1,1,1
254,1,32,112,112,32,56,56,3,3,1,1,1,1,2,2,1,1,1
255,1,32,56,56,32,56,56,3,3,1,1,1,1,1,1,1,1,1
256,1,32,56,56,32,28,28,3,3,1,1,1,1,2,2,1,1,1
257,1,32,28,28,32,28,28,3,3,1,1,1,1,1,1,1,1,1
258,1,64,28,28,64,14,14,3,3,1,1,1,1,2,2,1,1,1
259,1,64,14,14,64,14,14,3,3,1,1,1,1,1,1,1,1,1
260,1,128,14,14,128,7,7,3,3,1,1,1,1,2,2,1,1,1
261,1,128,7,7,128,7,7,3,3,1,1,1,1,1,1,1,1,1
262,1,64,112,112,64,56,56,3,3,1,1,1,1,2,2,1,1,1
263,1,128,56,56,128,28,28,3,3,1,1,1,1,2,2,1,1,1
264,1,256,28,28,256,14,14,3,3,1,1,1,1,2,2,1,1,1
265,1,512,14,14,512,7,7,3,3,1,1,1,1,2,2,1,1,1
266,1,28,112,112,28,56,56,3,3,1,1,1,1,2,2,1,1,1
267,1,28,56,56,28,56,56,3,3,1,1,1,1,1,1,1,1,1
268,1,56,56,56,56,28,28,3,3,1,1,1,1,2,2,1,1,1
269,1,56,28,28,56,28,28,3,3,1,1,1,1,1,1,1,1,1
270,1,112,28,28,112,14,14,3,3,1,1,1,1,2,2,1,1,1
271,1,112,14,14,112,14,14,3,3,1,1,1,1,1,1,1,1,1
272,1,224,14,14,224,7,7,3,3,1,1,1,1,2,2,1,1,1
273,1,224,7,7,224,7,7,3,3,1,1,1,1,1,1,1,1,1
274,1,3,192,192,16,96,96,3,3,0,0,0,0,2,2,1,1,1
275,1,16,96,96,32,96,96,3,3,1,1,1,1,1,1,1,1,1
276,1,32,96,96,64,96,96,3,3,1,1,1,1,1,1,1,1,1
277,1,64,96,96,128,48,48,3,3,0,0,0,0,2,2,1,1,1
278,1,128,48,48,128,48,48,3,3,1,1,1,1,1,1,1,1,1
279,1,3,224,224,16,112,112,3,3,0,0,0,0,2,2,1,1,1
280,1,16,112,112,32,112,112,3,3,1,1,1,1,1,1,1,1,1
281,1,32,112,112,64,112,112,3,3,1,1,1,1,1,1,1,1,1
282,1,64,112,112,128,56,56,3,3,0,0,0,0,2,2,1,1,1
283,1,128,56,56,128,56,56,3,3,1,1,1,1,1,1,1,1,1
284,1,3,256,256,16,128,128,3,3,0,0,0,0,2,2,1,1,1
285,1,16,128,128,32,128,128,3,3,1,1,1,1,1,1,1,1,1
286,1,32,128,128,64,128,128,3,3,1,1,1,1,1,1,1,1,1
287,1,64,128,128,128,64,64,3,3,0,0,0,0,2,2,1,1,1
288,1,128,64,64,128,64,64,3,3,1,1,1,1,1,1,1,1,1
289,1,3,320,320,16,160,160,3,3,0,0,0,0,2,2,1,1,1
290,1,16,160,160,32,160,160,3,3,1,1,1,1,1,1,1,1,1
291,1,32,160,160,64,160,160,3,3,1,1,1,1,1,1,1,1,1
292,1,64,160,160,128,80,80,3,3,0,0,0,0,2,2,1,1,1
293,1,128,80,80,128,80,80,3,3,1,1,1,1,1,1,1,1,1
294,1,3,384,384,16,192,192,3,3,0,0,0,0,2,2,1,1,1
295,1,16,192,192,32,192,192,3,3,1,1,1,1,1,1,1,1,1
296,1,32,192,192,64,192,192,3,3,1,1,1,1,1,1,1,1,1
297,1,64,192,192,128,96,96,3,3,0,0,0,0,2,2,1,1,1
298,1,128,96,96,128,96,96,3,3,1,1,1,1,1,1,1,1,1
299,1,3,416,416,16,208,208,3,3,0,0,0,0,2,2,1,1,1
300,1,16,208,208,32,208,208,3,3,1,1,1,1,1,1,1,1,1
301,1,32,208,208,64,208,208,3,3,1,1,1,1,1,1,1,1,1
302,1,64,208,208,128,104,104,3,3,0,0,0,0,2,2,1,1,1
303,1,128,104,104,128,104,104,3,3,1,1,1,1,1,1,1,1,1
304,1,3,448,448,16,224,224,3,3,0,0,0,0,2,2,1,1,1
305,1,16,224,224,32,224,224,3,3,1,1,1,1,1,1,1,1,1
306,1,32,224,224,64,224,224,3,3,1,1,1,1,1,1,1,1,1
307,1,64,224,224,128,112,112,3,3,0,0,0,0,2,2,1,1,1
308,1,128,112,112,128,112,112,3,3,1,1,1,1,1,1,1,1,1
309,1,3,224,224,10,112,112,3,3,1,1,1,1,2,2,1,1,1
310,1,3,224,224,128,112,112,7,7,3,3,3,3,2,2,1,1,1
311,1,3,224,224,16,112,112,3,3,1,1,1,1,2,2,1,1,1
312,1,64,112,112,128,56,56,3,3,1,1,1,1,2,2,1,1,1
313,1,64,56,56,64,56,56,3,3,1,1,1,1,1,1,1,1,1
314,1,3,256,256,16,128,128,3,3,1,1,1,1,2,2,1,1,1
315,1,64,128,128,128,64,64,3,3,1,1,1,1,2,2,1,1,1
316,1,64,64,64,64,64,64,3,3,1,1,1,1,1,1,1,1,1
317,1,3,320,320,16,160,160,3,3,1,1,1,1,2,2,1,1,1
318,1,64,160,160,128,80,80,3,3,1,1,1,1,2,2,1,1,1
319,1,64,80,80,64,80,80,3,3,1,1,1,1,1,1,1,1,1
320,1,3,352,352,16,176,176,3,3,1,1,1,1,2,2,1,1,1
321,1,16,176,176,32,176,176,3,3,1,1,1,1,1,1,1,1,1
322,1,32,176,176,64,176,176,3,3,1,1,1,1,1,1,1,1,1
323,1,64,176,176,128,88,88,3,3,1,1,1,1,2,2,1,1,1
324,1,64,88,88,64,88,88,3,3,1,1,1,1,1,1,1,1,1
325,1,32,128,128,64,64,64,3,3,1,1,1,1,2,2,1,1,1
326,1,384,32,32,384,16,16,3,3,1,1,1,1,2,2,1,1,1
327,1,384,16,16,384,16,16,3,3,1,1,1,1,1,1,1,1,1
328,1,64,112,112,128,56,56,3,3,1,1,1,1,2,2,1,1,1
329,1,128,56,56,128,56,56,3,3,1,1,1,1,1,1,1,1,1
330,1,256,28,28,160,28,28,3,3,1,1,1,1,1,1,1,1,1
331,1,160,28,28,160,28,28,3,3,1,1,1,1,1,1,1,1,1
332,1,512,14,14,192,14,14,3,3,1,1,1,1,1,1,1,1,1
333,1,192,14,14,192,14,14,3,3,1,1,1,1,1,1,1,1,1
334,1,768,14,14,192,14,14,3,3,1,1,1,1,1,1,1,1,1
335,1,768,7,7,224,7,7,3,3,1,1,1,1,1,1,1,1,1
336,1,1024,7,7,224,7,7,3,3,1,1,1,1,1,1,1,1,1
337,1,47,56,56,18,56,56,3,3,1,1,1,1,1,1,1,1,1
338,1,52,56,56,22,56,56,3,3,1,1,1,1,1,1,1,1,1
339,1,64,56,56,35,56,56,3,3,1,1,1,1,1,1,1,1,1
340,1,85,56,56,37,28,28,3,3,1,1,1,1,2,2,1,1,1
341,1,107,28,28,80,28,28,3,3,1,1,1,1,1,1,1,1,1
342,1,120,28,28,85,28,28,3,3,1,1,1,1,1,1,1,1,1
343,1,125,28,28,87,28,28,3,3,1,1,1,1,1,1,1,1,1
344,1,198,28,28,126,14,14,3,3,1,1,1,1,2,2,1,1,1
345,1,255,14,14,232,14,14,3,3,1,1,1,1,1,1,1,1,1
346,1,256,14,14,233,14,14,3,3,1,1,1,1,1,1,1,1,1
347,1,253,14,14,235,14,14,3,3,1,1,1,1,1,1,1,1,1
348,1,256,14,14,225,14,14,3,3,1,1,1,1,1,1,1,1,1
349,1,256,14,14,239,14,14,3,3,1,1,1,1,1,1,1,1,1
350,1,492,14,14,237,7,7,3,3,1,1,1,1,2,2,1,1,1
351,1,512,7,7,500,7,7,3,3,1,1,1,1,1,1,1,1,1
352,1,512,7,7,490,7,7,3,3,1,1,1,1,1,1,1,1,1
353,1,45,56,56,25,56,56,3,3,1,1,1,1,1,1,1,1,1
354,1,53,56,56,20,56,56,3,3,1,1,1,1,1,1,1,1,1
355,1,60,56,56,27,56,56,3,3,1,1,1,1,1,1,1,1,1
356,1,81,56,56,24,28,28,3,3,1,1,1,1,2,2,1,1,1
357,1,93,28,28,49,28,28,3,3,1,1,1,1,1,1,1,1,1
358,1,102,28,28,54,28,28,3,3,1,1,1,1,1,1,1,1,1
359,1,122,28,28,78,28,28,3,3,1,1,1,1,1,1,1,1,1
360,1,101,28,28,25,14,14,3,3,1,1,1,1,2,2,1,1,1
361,1,239,14,14,160,14,14,3,3,1,1,1,1,1,1,1,1,1
362,1,234,14,14,156,14,14,3,3,1,1,1,1,1,1,1,1,1
363,1,250,14,14,176,14,14,3,3,1,1,1,1,1,1,1,1,1
364,1,253,14,14,191,14,14,3,3,1,1,1,1,1,1,1,1,1
365,1,251,14,14,175,14,14,3,3,1,1,1,1,1,1,1,1,1
366,1,230,14,14,128,14,14,3,3,1,1,1,1,1,1,1,1,1
367,1,244,14,14,154,14,14,3,3,1,1,1,1,1,1,1,1,1
368,1,244,14,14,159,14,14,3,3,1,1,1,1,1,1,1,1,1
369,1,238,14,14,97,14,14,3,3,1,1,1,1,1,1,1,1,1
370,1,244,14,14,149,14,14,3,3,1,1,1,1,1,1,1,1,1
371,1,253,14,14,181,14,14,3,3,1,1,1,1,1,1,1,1,1
372,1,245,14,14,119,14,14,3,3,1,1,1,1,1,1,1,1,1
373,1,255,14,14,216,14,14,3,3,1,1,1,1,1,1,1,1,1
374,1,256,14,14,201,14,14,3,3,1,1,1,1,1,1,1,1,1
375,1,253,14,14,149,14,14,3,3,1,1,1,1,1,1,1,1,1
376,1,254,14,14,141,14,14,3,3,1,1,1,1,1,1,1,1,1
377,1,256,14,14,190,14,14,3,3,1,1,1,1,1,1,1,1,1
378,1,256,14,14,217,14,14,3,3,1,1,1,1,1,1,1,1,1
379,1,255,14,14,156,14,14,3,3,1,1,1,1,1,1,1,1,1
380,1,256,14,14,155,14,14,3,3,1,1,1,1,1,1,1,1,1
381,1,256,14,14,232,14,14,3,3,1,1,1,1,1,1,1,1,1
382,1,256,14,14,214,14,14,3,3,1,1,1,1,1,1,1,1,1
383,1,499,14,14,289,7,7,3,3,1,1,1,1,2,2,1,1,1
384,1,512,7,7,502,7,7,3,3,1,1,1,1,1,1,1,1,1
385,1,3,320,320,32,160,160,3,3,1,1,1,1,2,2,1,1,1
386,1,32,160,160,32,160,160,3,3,1,1,1,1,1,1,1,1,1
387,1,32,160,160,64,160,160,3,3,1,1,1,1,1,1,1,1,1
388,1,64,80,80,64,80,80,3,3,1,1,1,1,1,1,1,1,1
389,1,128,80,80,128,40,40,3,3,1,1,1,1,2,2,1,1,1
390,1,128,40,40,128,40,40,3,3,1,1,1,1,1,1,1,1,1
391,1,256,40,40,256,20,20,3,3,1,1,1,1,2,2,1,1,1
392,1,256,20,20,256,20,20,3,3,1,1,1,1,1,1,1,1,1
393,1,512,20,20,512,10,10,3,3,1,1,1,1,2,2,1,1,1
394,1,512,10,10,512,10,10,3,3,1,1,1,1,1,1,1,1,1
395,1,3,224,224,24,112,112,3,3,1,1,1,1,2,2,1,1,1
396,1,24,112,112,32,112,112,3,3,1,1,1,1,1,1,1,1,1
397,1,3,256,256,80,64,64,4,4,0,0,0,0,4,4,1,1,1
398,1,80,64,64,160,32,32,2,2,0,0,0,0,2,2,1,1,1
399,1,160,32,32,288,16,16,2,2,0,0,0,0,2,2,1,1,1
400,1,288,16,16,584,8,8,2,2,0,0,0,0,2,2,1,1,1
401,1,3,256,256,48,64,64,4,4,0,0,0,0,4,4,1,1,1
402,1,48,64,64,96,32,32,2,2,0,0,0,0,2,2,1,1,1
403,1,96,32,32,160,16,16,2,2,0,0,0,0,2,2,1,1,1
404,1,160,16,16,304,8,8,2,2,0,0,0,0,2,2,1,1,1
405,1,3,256,256,48,64,64,9,9,4,4,4,4,4,4,1,1,1
406,1,3,256,256,32,64,64,4,4,0,0,0,0,4,4,1,1,1
407,1,32,64,64,64,32,32,2,2,0,0,0,0,2,2,1,1,1
408,1,64,32,32,100,16,16,2,2,0,0,0,0,2,2,1,1,1
409,1,100,16,16,192,8,8,2,2,0,0,0,0,2,2,1,1,1
410,1,3,256,256,24,64,64,4,4,0,0,0,0,4,4,1,1,1
411,1,24,64,64,48,32,32,2,2,0,0,0,0,2,2,1,1,1
412,1,48,32,32,88,16,16,2,2,0,0,0,0,2,2,1,1,1
413,1,88,16,16,168,8,8,2,2,0,0,0,0,2,2,1,1,1
414,1,48,56,56,96,28,28,3,3,1,1,1,1,2,2,1,1,1
415,1,96,28,28,224,14,14,3,3,1,1,1,1,2,2,1,1,1
416,1,224,14,14,448,7,7,3,3,1,1,1,1,2,2,1,1,1
417,1,3,224,224,48,112,112,3,3,1,1,1,1,2,2,1,1,1
418,1,48,112,112,96,56,56,3,3,1,1,1,1,2,2,1,1,1
419,1,384,14,14,768,7,7,3,3,1,1,1,1,2,2,1,1,1
420,1,3,224,224,20,112,112,3,3,1,1,1,1,2,2,1,1,1
421,1,20,112,112,40,56,56,3,3,1,1,1,1,2,2,1,1,1
422,1,40,56,56,80,28,28,3,3,1,1,1,1,2,2,1,1,1
423,1,80,28,28,192,14,14,3,3,1,1,1,1,2,2,1,1,1
424,1,192,14,14,384,7,7,3,3,1,1,1,1,2,2,1,1,1
425,1,16,112,112,32,56,56,3,3,1,1,1,1,2,2,1,1,1
426,1,32,56,56,48,28,28,3,3,1,1,1,1,2,2,1,1,1
427,1,48,28,28,96,14,14,3,3,1,1,1,1,2,2,1,1,1
428,1,96,14,14,176,7,7,3,3,1,1,1,1,2,2,1,1,1
429,1,48,28,28,120,14,14,3,3,1,1,1,1,2,2,1,1,1
430,1,120,14,14,224,7,7,3,3,1,1,1,1,2,2,1,1,1
431,1,32,56,56,64,28,28,3,3,1,1,1,1,2,2,1,1,1
432,1,64,28,28,144,14,14,3,3,1,1,1,1,2,2,1,1,1
433,1,144,14,14,288,7,7,3,3,1,1,1,1,2,2,1,1,1
434,1,3,240,240,32,120,120,3,3,1,1,1,1,2,2,1,1,1
435,1,3,240,240,32,120,120,3,3,0,0,0,0,2,2,1,1,1
436,1,3,260,260,32,130,130,3,3,0,0,0,0,2,2,1,1,1
437,1,3,288,288,40,144,144,3,3,1,1,1,1,2,2,1,1,1
438,1,3,288,288,48,144,144,3,3,1,1,1,1,2,2,1,1,1
439,1,3,300,300,40,150,150,3,3,0,0,0,0,2,2,1,1,1
440,1,3,320,320,48,160,160,3,3,1,1,1,1,2,2,1,1,1
441,1,3,448,448,48,224,224,3,3,1,1,1,1,2,2,1,1,1
442,1,3,528,528,56,264,264,3,3,1,1,1,1,2,2,1,1,1
443,1,3,600,600,64,300,300,3,3,1,1,1,1,2,2,1,1,1
444,1,3,672,672,72,336,336,3,3,1,1,1,1,2,2,1,1,1
445,1,3,300,300,40,150,150,3,3,1,1,1,1,2,2,1,1,1
446,1,40,150,150,128,150,150,3,3,1,1,1,1,1,1,1,1,1
447,1,32,150,150,128,150,150,3,3,1,1,1,1,1,1,1,1,1
448,1,32,150,150,256,75,75,3,3,1,1,1,1,2,2,1,1,1
449,1,40,75,75,320,75,75,3,3,1,1,1,1,1,1,1,1,1
450,1,40,75,75,320,38,38,3,3,1,1,1,1,2,2,1,1,1
451,1,56,38,38,448,38,38,3,3,1,1,1,1,1,1,1,1,1
452,1,32,120,120,96,120,120,3,3,1,1,1,1,1,1,1,1,1
453,1,24,120,120,96,120,120,3,3,1,1,1,1,1,1,1,1,1
454,1,24,120,120,192,60,60,3,3,1,1,1,1,2,2,1,1,1
455,1,32,60,60,256,60,60,3,3,1,1,1,1,1,1,1,1,1
456,1,32,60,60,256,30,30,3,3,1,1,1,1,2,2,1,1,1
457,1,48,30,30,384,30,30,3,3,1,1,1,1,1,1,1,1,1
458,1,32,112,112,96,112,112,3,3,1,1,1,1,1,1,1,1,1
459,1,24,112,112,192,56,56,3,3,1,1,1,1,2,2,1,1,1
460,1,32,56,56,256,56,56,3,3,1,1,1,1,1,1,1,1,1
461,1,32,56,56,256,28,28,3,3,1,1,1,1,2,2,1,1,1
462,1,48,28,28,384,28,28,3,3,1,1,1,1,1,1,1,1,1
463,1,3,448,448,64,224,224,3,3,1,1,1,1,2,2,1,1,1
464,1,64,224,224,256,112,112,2,2,0,0,0,0,2,2,1,1,1
465,1,48,112,112,192,112,112,3,3,1,1,1,1,1,1,1,1,1
466,1,48,112,112,192,56,56,5,5,2,2,2,2,2,2,1,1,1
467,1,80,56,56,320,56,56,5,5,2,2,2,2,1,1,1,1,1
468,1,3,800,800,136,400,400,3,3,1,1,1,1,2,2,1,1,1
469,1,3,260,260,32,130,130,3,3,1,1,1,1,2,2,1,1,1
470,1,3,300,300,32,150,150,3,3,1,1,1,1,2,2,1,1,1
471,1,3,380,380,32,190,190,3,3,1,1,1,1,2,2,1,1,1
472,1,40,144,144,160,72,72,2,2,0,0,0,0,2,2,1,1,1
473,1,96,72,72,144,72,72,3,3,1,1,1,1,1,1,1,1,1
474,1,32,72,72,192,72,72,3,3,1,1,1,1,1,1,1,1,1
475,1,32,72,72,192,36,36,5,5,2,2,2,2,2,2,1,1,1
476,1,48,36,36,288,36,36,5,5,2,2,2,2,1,1,1,1,1
477,1,48,224,224,192,112,112,2,2,0,0,0,0,2,2,1,1,1
478,1,96,112,112,144,112,112,3,3,1,1,1,1,1,1,1,1,1
479,1,40,112,112,240,112,112,3,3,1,1,1,1,1,1,1,1,1
480,1,40,112,112,240,56,56,5,5,2,2,2,2,2,2,1,1,1
481,1,64,56,56,384,56,56,5,5,2,2,2,2,1,1,1,1,1
482,1,3,384,384,32,192,192,3,3,1,1,1,1,2,2,1,1,1
483,1,32,192,192,32,192,192,3,3,1,1,1,1,1,1,1,1,1
484,1,32,192,192,128,96,96,3,3,1,1,1,1,2,2,1,1,1
485,1,64,96,96,256,96,96,3,3,1,1,1,1,1,1,1,1,1
486,1,64,96,96,256,48,48,3,3,1,1,1,1,2,2,1,1,1
487,1,96,48,48,384,48,48,3,3,1,1,1,1,1,1,1,1,1
488,1,3,320,320,24,160,160,3,3,1,1,1,1,2,2,1,1,1
489,1,24,160,160,24,160,160,3,3,1,1,1,1,1,1,1,1,1
490,1,24,160,160,96,80,80,3,3,1,1,1,1,2,2,1,1,1
491,1,48,80,80,192,80,80,3,3,1,1,1,1,1,1,1,1,1
492,1,48,80,80,192,40,40,3,3,1,1,1,1,2,2,1,1,1
493,1,80,40,40,320,40,40,3,3,1,1,1,1,1,1,1,1,1
494,1,32,160,160,128,80,80,3,3,1,1,1,1,2,2,1,1,1
495,1,56,80,80,224,80,80,3,3,1,1,1,1,1,1,1,1,1
496,1,56,80,80,224,40,40,3,3,1,1,1,1,2,2,1,1,1
497,1,3,288,288,24,144,144,3,3,1,1,1,1,2,2,1,1,1
498,1,24,144,144,24,144,144,3,3,1,1,1,1,1,1,1,1,1
499,1,24,144,144,96,72,72,3,3,1,1,1,1,2,2,1,1,1
500,1,48,72,72,192,72,72,3,3,1,1,1,1,1,1,1,1,1
501,1,48,72,72,192,36,36,3,3,1,1,1,1,2,2,1,1,1
502,1,64,36,36,256,36,36,3,3,1,1,1,1,1,1,1,1,1
503,1,24,112,112,24,112,112,3,3,1,1,1,1,1,1,1,1,1
504,1,24,112,112,96,56,56,3,3,1,1,1,1,2,2,1,1,1
505,1,40,56,56,160,56,56,3,3,1,1,1,1,1,1,1,1,1
506,1,40,56,56,160,28,28,3,3,1,1,1,1,2,2,1,1,1
507,1,48,28,28,192,28,28,3,3,1,1,1,1,1,1,1,1,1
508,1,3,224,224,8,112,112,3,3,1,1,1,1,2,2,1,1,1
509,1,3,224,224,16,112,112,3,3,1,1,1,1,2,2,1,1,1
510,1,32,112,112,512,56,56,3,3,1,1,1,1,2,2,1,1,1
511,1,64,56,56,256,56,56,3,3,1,1,1,1,1,1,1,1,1
512,1,64,56,56,1024,28,28,3,3,1,1,1,1,2,2,1,1,1
513,1,128,28,28,512,28,28,3,3,1,1,1,1,1,1,1,1,1
514,1,64,112,112,1024,56,56,3,3,1,1,1,1,2,2,1,1,1
515,1,128,56,56,512,56,56,3,3,1,1,1,1,1,1,1,1,1
516,1,128,56,56,2048,28,28,3,3,1,1,1,1,2,2,1,1,1
517,1,256,28,28,1024,28,28,3,3,1,1,1,1,1,1,1,1,1
518,1,8,112,112,16,56,56,3,3,1,1,1,1,2,2,1,1,1
519,1,16,56,56,32,28,28,3,3,1,1,1,1,2,2,1,1,1
520,1,32,28,28,64,14,14,3,3,1,1,1,1,2,2,1,1,1
521,1,16,112,112,32,56,56,3,3,1,1,1,1,2,2,1,1,1
522,1,32,56,56,64,28,28,3,3,1,1,1,1,2,2,1,1,1
523,1,64,28,28,128,14,14,3,3,1,1,1,1,2,2,1,1,1
524,1,24,112,112,48,56,56,3,3,1,1,1,1,2,2,1,1,1
525,1,48,56,56,96,28,28,3,3,1,1,1,1,2,2,1,1,1
526,1,96,28,28,192,14,14,3,3,1,1,1,1,2,2,1,1,1
527,1,128,56,56,64,56,56,3,3,1,1,1,1,1,1,1,1,1
528,1,112,28,28,80,28,28,3,3,1,1,1,1,1,1,1,1,1
529,1,80,28,28,80,28,28,3,3,1,1,1,1,1,1,1,1,1
530,1,256,14,14,96,14,14,3,3,1,1,1,1,1,1,1,1,1
531,1,96,14,14,96,14,14,3,3,1,1,1,1,1,1,1,1,1
532,1,384,7,7,112,7,7,3,3,1,1,1,1,1,1,1,1,1
533,1,112,7,7,112,7,7,3,3,1,1,1,1,1,1,1,1,1
534,1,512,28,28,160,28,28,3,3,1,1,1,1,1,1,1,1,1
535,1,3,224,224,768,16,16,14,14,0,0,0,0,14,14,1,1,1
536,1,3,448,448,768,32,32,14,14,0,0,0,0,14,14,1,1,1
537,1,3,224,224,1792,16,16,14,14,0,0,0,0,14,14,1,1,1
538,1,3,448,448,1024,32,32,14,14,0,0,0,0,14,14,1,1,1
539,1,3,336,336,1024,24,24,14,14,0,0,0,0,14,14,1,1,1
540,1,3,224,224,384,16,16,14,14,0,0,0,0,14,14,1,1,1
541,1,3,336,336,384,24,24,14,14,0,0,0,0,14,14,1,1,1
542,1,3,224,224,192,16,16,14,14,0,0,0,0,14,14,1,1,1
543,1,3,336,336,192,24,24,14,14,0,0,0,0,14,14,1,1,1
544,1,3,224,224,1408,16,16,14,14,0,0,0,0,14,14,1,1,1
545,1,3,336,336,1408,24,24,14,14,0,0,0,0,14,14,1,1,1
546,1,3,560,560,1408,40,40,14,14,0,0,0,0,14,14,1,1,1
547,1,3,196,196,1024,14,14,14,14,0,0,0,0,14,14,1,1,1
548,1,3,256,256,76,128,128,3,3,1,1,1,1,2,2,1,1,1
549,1,3,256,256,64,128,128,3,3,1,1,1,1,2,2,1,1,1
550,1,3,256,256,80,128,128,3,3,1,1,1,1,2,2,1,1,1
551,1,3,256,256,48,128,128,3,3,1,1,1,1,2,2,1,1,1
552,1,3,240,240,768,15,15,16,16,0,0,0,0,16,16,1,1,1
553,1,3,240,240,1024,15,15,16,16,0,0,0,0,16,16,1,1,1
554,1,3,240,240,384,15,15,16,16,0,0,0,0,16,16,1,1,1
555,1,3,224,224,352,56,56,7,7,2,2,2,2,4,4,1,1,1
556,1,352,56,56,704,28,28,3,3,1,1,1,1,2,2,1,1,1
557,1,704,28,28,1408,14,14,3,3,1,1,1,1,2,2,1,1,1
558,1,1408,14,14,2816,7,7,3,3,1,1,1,1,2,2,1,1,1
559,1,3,384,384,192,96,96,7,7,2,2,2,2,4,4,1,1,1
560,1,192,96,96,384,48,48,3,3,1,1,1,1,2,2,1,1,1
561,1,384,48,48,768,24,24,3,3,1,1,1,1,2,2,1,1,1
562,1,768,24,24,1536,12,12,3,3,1,1,1,1,2,2,1,1,1
563,1,3,384,384,256,96,96,7,7,2,2,2,2,4,4,1,1,1
564,1,1024,24,24,2048,12,12,3,3,1,1,1,1,2,2,1,1,1
565,1,3,224,224,128,112,112,3,3,1,1,1,1,2,2,1,1,1
566,1,128,112,112,128,56,56,3,3,1,1,1,1,2,2,1,1,1
567,1,128,56,56,256,28,28,3,3,1,1,1,1,2,2,1,1,1
568,1,256,28,28,512,14,14,3,3,1,1,1,1,2,2,1,1,1
569,1,512,14,14,1024,7,7,3,3,1,1,1,1,2,2,1,1,1
570,1,3,224,224,96,112,112,3,3,1,1,1,1,2,2,1,1,1
571,1,96,112,112,96,56,56,3,3,1,1,1,1,2,2,1,1,1
572,1,96,56,56,192,28,28,3,3,1,1,1,1,2,2,1,1,1
573,1,192,28,28,384,14,14,3,3,1,1,1,1,2,2,1,1,1
574,1,384,14,14,768,7,7,3,3,1,1,1,1,2,2,1,1,1
575,1,3,224,224,64,112,112,3,3,1,1,1,1,2,2,1,1,1
576,1,32,128,128,128,64,64,3,3,1,1,1,1,2,2,1,1,1
577,1,128,64,64,128,64,64,3,3,1,1,1,1,1,1,1,1,1
578,1,128,64,64,192,32,32,3,3,1,1,1,1,2,2,1,1,1
579,1,192,32,32,192,32,32,3,3,1,1,1,1,1,1,1,1,1
580,1,160,32,32,160,16,16,3,3,1,1,1,1,2,2,1,1,1
581,1,160,16,16,160,16,16,3,3,1,1,1,1,1,1,1,1,1
582,1,32,112,112,128,56,56,3,3,1,1,1,1,2,2,1,1,1
583,1,128,56,56,192,28,28,3,3,1,1,1,1,2,2,1,1,1
584,1,192,28,28,192,28,28,3,3,1,1,1,1,1,1,1,1,1
585,1,160,28,28,160,14,14,3,3,1,1,1,1,2,2,1,1,1
586,1,160,14,14,160,14,14,3,3,1,1,1,1,1,1,1,1,1
587,1,3,224,224,13,112,112,3,3,1,1,1,1,2,2,1,1,1
588,1,13,112,112,48,56,56,3,3,1,1,1,1,2,2,1,1,1
589,1,48,56,56,48,56,56,3,3,1,1,1,1,1,1,1,1,1
590,1,48,56,56,48,28,28,3,3,1,1,1,1,2,2,1,1,1
591,1,48,28,28,48,28,28,3,3,1,1,1,1,1,1,1,1,1
592,1,96,28,28,96,14,14,3,3,1,1,1,1,2,2,1,1,1
593,1,3,224,224,20,112,112,3,3,1,1,1,1,2,2,1,1,1
594,1,3,224,224,128,14,14,16,16,0,0,0,0,16,16,1,1,1
595,1,96,112,112,96,112,112,3,3,1,1,1,1,1,1,1,1,1
596,1,96,112,112,160,112,112,3,3,1,1,1,1,1,1,1,1,1
597,1,160,56,56,192,56,56,3,3,1,1,1,1,1,1,1,1,1
598,1,192,56,56,192,56,56,3,3,1,1,1,1,1,1,1,1,1
599,1,320,28,28,224,28,28,3,3,1,1,1,1,1,1,1,1,1
600,1,224,28,28,224,28,28,3,3,1,1,1,1,1,1,1,1,1
601,1,640,28,28,224,28,28,3,3,1,1,1,1,1,1,1,1,1
602,1,640,14,14,256,14,14,3,3,1,1,1,1,1,1,1,1,1
603,1,960,14,14,256,14,14,3,3,1,1,1,1,1,1,1,1,1
604,1,960,7,7,288,7,7,3,3,1,1,1,1,1,1,1,1,1
605,1,288,7,7,288,7,7,3,3,1,1,1,1,1,1,1,1,1
606,1,1280,7,7,288,7,7,3,3,1,1,1,1,1,1,1,1,1
607,1,96,56,56,96,56,56,3,3,1,1,1,1,1,1,1,1,1
608,1,224,28,28,128,28,28,3,3,1,1,1,1,1,1,1,1,1
609,1,448,14,14,160,14,14,3,3,1,1,1,1,1,1,1,1,1
610,1,512,14,14,160,14,14,3,3,1,1,1,1,1,1,1,1,1
611,1,512,7,7,192,7,7,3,3,1,1,1,1,1,1,1,1,1
612,1,192,7,7,192,7,7,3,3,1,1,1,1,1,1,1,1,1
613,1,16,113,113,8,112,112,2,2,0,0,0,0,1,1,1,1,1
614,1,8,113,113,16,112,112,2,2,0,0,0,0,1,1,1,1,1
615,1,32,112,112,16,56,56,3,3,1,1,1,1,2,2,1,1,1
616,1,16,56,56,16,56,56,3,3,1,1,1,1,1,1,1,1,1
617,1,64,28,28,32,28,28,3,3,1,1,1,1,1,1,1,1,1
618,1,24,113,113,12,112,112,2,2,0,0,0,0,1,1,1,1,1
619,1,12,113,113,24,112,112,2,2,0,0,0,0,1,1,1,1,1
620,1,48,112,112,24,56,56,3,3,1,1,1,1,2,2,1,1,1
621,1,64,28,28,48,28,28,3,3,1,1,1,1,1,1,1,1,1
622,1,96,28,28,64,28,28,3,3,1,1,1,1,1,1,1,1,1
623,1,64,28,28,64,28,28,3,3,1,1,1,1,1,1,1,1,1
624,1,128,28,28,64,28,28,3,3,1,1,1,1,1,1,1,1,1
625,1,32,113,113,16,112,112,2,2,0,0,0,0,1,1,1,1,1
626,1,16,113,113,32,112,112,2,2,0,0,0,0,1,1,1,1,1
627,1,64,112,112,32,56,56,3,3,1,1,1,1,2,2,1,1,1
628,1,128,28,28,96,28,28,3,3,1,1,1,1,1,1,1,1,1
629,1,96,28,28,96,28,28,3,3,1,1,1,1,1,1,1,1,1
630,1,512,28,28,128,28,28,3,3,1,1,1,1,1,1,1,1,1
631,1,48,113,113,24,112,112,2,2,0,0,0,0,1,1,1,1,1
632,1,24,113,113,48,112,112,2,2,0,0,0,0,1,1,1,1,1
633,1,96,112,112,48,56,56,3,3,1,1,1,1,2,2,1,1,1
634,1,192,56,56,96,56,56,3,3,1,1,1,1,1,1,1,1,1
635,1,512,28,28,192,28,28,3,3,1,1,1,1,1,1,1,1,1
636,1,3,256,256,96,64,64,7,7,3,3,3,3,4,4,1,1,1
637,1,3,224,224,144,56,56,7,7,3,3,3,3,4,4,1,1,1
638,1,256,56,56,18,56,56,3,3,1,1,1,1,1,1,1,1,1
639,1,256,56,56,36,28,28,3,3,1,1,1,1,2,2,1,1,1
640,1,18,56,56,18,56,56,3,3,1,1,1,1,1,1,1,1,1
641,1,36,28,28,36,28,28,3,3,1,1,1,1,1,1,1,1,1
642,1,18,56,56,36,28,28,3,3,1,1,1,1,2,2,1,1,1
643,1,36,28,28,72,14,14,3,3,1,1,1,1,2,2,1,1,1
644,1,72,14,14,72,14,14,3,3,1,1,1,1,1,1,1,1,1
645,1,18,56,56,18,28,28,3,3,1,1,1,1,2,2,1,1,1
646,1,18,28,28,72,14,14,3,3,1,1,1,1,2,2,1,1,1
647,1,72,14,14,144,7,7,3,3,1,1,1,1,2,2,1,1,1
648,1,144,7,7,144,7,7,3,3,1,1,1,1,1,1,1,1,1
649,1,18,28,28,18,14,14,3,3,1,1,1,1,2,2,1,1,1
650,1,18,14,14,144,7,7,3,3,1,1,1,1,2,2,1,1,1
651,1,36,28,28,36,14,14,3,3,1,1,1,1,2,2,1,1,1
652,1,36,14,14,144,7,7,3,3,1,1,1,1,2,2,1,1,1
653,1,128,14,14,128,14,14,3,3,1,1,1,1,1,1,1,1,1
654,1,256,7,7,256,7,7,3,3,1,1,1,1,1,1,1,1,1
655,1,512,14,14,1024,7,7,3,3,1,1,1,1,2,2,1,1,1
656,1,128,56,56,16,56,56,3,3,1,1,1,1,1,1,1,1,1
657,1,128,56,56,32,28,28,3,3,1,1,1,1,2,2,1,1,1
658,1,16,56,56,16,28,28,3,3,1,1,1,1,2,2,1,1,1
659,1,16,28,28,64,14,14,3,3,1,1,1,1,2,2,1,1,1
660,1,64,14,14,128,7,7,3,3,1,1,1,1,2,2,1,1,1
661,1,16,28,28,16,14,14,3,3,1,1,1,1,2,2,1,1,1
662,1,16,14,14,128,7,7,3,3,1,1,1,1,2,2,1,1,1
663,1,32,28,28,32,14,14,3,3,1,1,1,1,2,2,1,1,1
664,1,32,14,14,128,7,7,3,3,1,1,1,1,2,2,1,1,1
665,1,256,56,56,30,56,56,3,3,1,1,1,1,1,1,1,1,1
666,1,256,56,56,60,28,28,3,3,1,1,1,1,2,2,1,1,1
667,1,30,56,56,30,56,56,3,3,1,1,1,1,1,1,1,1,1
668,1,60,28,28,60,28,28,3,3,1,1,1,1,1,1,1,1,1
669,1,30,56,56,60,28,28,3,3,1,1,1,1,2,2,1,1,1
670,1,60,28,28,120,14,14,3,3,1,1,1,1,2,2,1,1,1
671,1,120,14,14,120,14,14,3,3,1,1,1,1,1,1,1,1,1
672,1,30,56,56,30,28,28,3,3,1,1,1,1,2,2,1,1,1
673,1,30,28,28,120,14,14,3,3,1,1,1,1,2,2,1,1,1
674,1,120,14,14,240,7,7,3,3,1,1,1,1,2,2,1,1,1
675,1,240,7,7,240,7,7,3,3,1,1,1,1,1,1,1,1,1
676,1,30,28,28,30,14,14,3,3,1,1,1,1,2,2,1,1,1
677,1,30,14,14,240,7,7,3,3,1,1,1,1,2,2,1,1,1
678,1,60,28,28,60,14,14,3,3,1,1,1,1,2,2,1,1,1
679,1,60,14,14,240,7,7,3,3,1,1,1,1,2,2,1,1,1
680,1,256,56,56,32,56,56,3,3,1,1,1,1,1,1,1,1,1
681,1,256,56,56,64,28,28,3,3,1,1,1,1,2,2,1,1,1
682,1,32,28,28,128,14,14,3,3,1,1,1,1,2,2,1,1,1
683,1,128,14,14,256,7,7,3,3,1,1,1,1,2,2,1,1,1
684,1,32,14,14,256,7,7,3,3,1,1,1,1,2,2,1,1,1
685,1,64,14,14,256,7,7,3,3,1,1,1,1,2,2,1,1,1
686,1,256,56,56,40,56,56,3,3,1,1,1,1,1,1,1,1,1
687,1,256,56,56,80,28,28,3,3,1,1,1,1,2,2,1,1,1
688,1,40,56,56,40,56,56,3,3,1,1,1,1,1,1,1,1,1
689,1,40,56,56,80,28,28,3,3,1,1,1,1,2,2,1,1,1
690,1,80,28,28,160,14,14,3,3,1,1,1,1,2,2,1,1,1
691,1,40,56,56,40,28,28,3,3,1,1,1,1,2,2,1,1,1
692,1,40,28,28,160,14,14,3,3,1,1,1,1,2,2,1,1,1
693,1,160,14,14,320,7,7,3,3,1,1,1,1,2,2,1,1,1
694,1,320,7,7,320,7,7,3,3,1,1,1,1,1,1,1,1,1
695,1,40,28,28,40,14,14,3,3,1,1,1,1,2,2,1,1,1
696,1,40,14,14,320,7,7,3,3,1,1,1,1,2,2,1,1,1
697,1,80,28,28,80,14,14,3,3,1,1,1,1,2,2,1,1,1
698,1,80,14,14,320,7,7,3,3,1,1,1,1,2,2,1,1,1
699,1,256,56,56,44,56,56,3,3,1,1,1,1,1,1,1,1,1
700,1,256,56,56,88,28,28,3,3,1,1,1,1,2,2,1,1,1
701,1,44,56,56,44,56,56,3,3,1,1,1,1,1,1,1,1,1
702,1,88,28,28,88,28,28,3,3,1,1,1,1,1,1,1,1,1
703,1,44,56,56,88,28,28,3,3,1,1,1,1,2,2,1,1,1
704,1,88,28,28,176,14,14,3,3,1,1,1,1,2,2,1,1,1
705,1,176,14,14,176,14,14,3,3,1,1,1,1,1,1,1,1,1
706,1,44,56,56,44,28,28,3,3,1,1,1,1,2,2,1,1,1
707,1,44,28,28,176,14,14,3,3,1,1,1,1,2,2,1,1,1
708,1,176,14,14,352,7,7,3,3,1,1,1,1,2,2,1,1,1
709,1,352,7,7,352,7,7,3,3,1,1,1,1,1,1,1,1,1
710,1,44,28,28,44,14,14,3,3,1,1,1,1,2,2,1,1,1
711,1,44,14,14,352,7,7,3,3,1,1,1,1,2,2,1,1,1
712,1,88,28,28,88,14,14,3,3,1,1,1,1,2,2,1,1,1
713,1,88,14,14,352,7,7,3,3,1,1,1,1,2,2,1,1,1
714,1,256,56,56,48,56,56,3,3,1,1,1,1,1,1,1,1,1
715,1,256,56,56,96,28,28,3,3,1,1,1,1,2,2,1,1,1
716,1,48,28,28,192,14,14,3,3,1,1,1,1,2,2,1,1,1
717,1,192,14,14,384,7,7,3,3,1,1,1,1,2,2,1,1,1
718,1,384,7,7,384,7,7,3,3,1,1,1,1,1,1,1,1,1
719,1,48,28,28,48,14,14,3,3,1,1,1,1,2,2,1,1,1
720,1,48,14,14,384,7,7,3,3,1,1,1,1,2,2,1,1,1
721,1,96,14,14,384,7,7,3,3,1,1,1,1,2,2,1,1,1
722,1,256,56,56,64,56,56,3,3,1,1,1,1,1,1,1,1,1
723,1,256,56,56,128,28,28,3,3,1,1,1,1,2,2,1,1,1
724,1,64,56,56,64,28,28,3,3,1,1,1,1,2,2,1,1,1
725,1,64,28,28,256,14,14,3,3,1,1,1,1,2,2,1,1,1
726,1,64,14,14,512,7,7,3,3,1,1,1,1,2,2,1,1,1
727,1,128,28,28,128,14,14,3,3,1,1,1,1,2,2,1,1,1
728,1,128,14,14,512,7,7,3,3,1,1,1,1,2,2,1,1,1
729,1,3,299,299,32,149,149,3,3,0,0,0,0,2,2,1,1,1
730,1,32,149,149,32,147,147,3,3,0,0,0,0,1,1,1,1,1
731,1,32,147,147,64,147,147,3,3,1,1,1,1,1,1,1,1,1
732,1,80,73,73,192,71,71,3,3,0,0,0,0,1,1,1,1,1
733,1,48,35,35,64,35,35,5,5,2,2,2,2,1,1,1,1,1
734,1,64,35,35,96,35,35,3,3,1,1,1,1,1,1,1,1,1
735,1,96,35,35,96,35,35,3,3,1,1,1,1,1,1,1,1,1
736,1,32,35,35,32,35,35,3,3,1,1,1,1,1,1,1,1,1
737,1,32,35,35,48,35,35,3,3,1,1,1,1,1,1,1,1,1
738,1,48,35,35,64,35,35,3,3,1,1,1,1,1,1,1,1,1
739,1,320,35,35,384,17,17,3,3,0,0,0,0,2,2,1,1,1
740,1,256,35,35,256,35,35,3,3,1,1,1,1,1,1,1,1,1
741,1,256,35,35,384,17,17,3,3,0,0,0,0,2,2,1,1,1
742,1,256,17,17,384,8,8,3,3,0,0,0,0,2,2,1,1,1
743,1,256,17,17,288,8,8,3,3,0,0,0,0,2,2,1,1,1
744,1,256,17,17,288,17,17,3,3,1,1,1,1,1,1,1,1,1
745,1,288,17,17,320,8,8,3,3,0,0,0,0,2,2,1,1,1
746,1,288,35,35,384,17,17,3,3,0,0,0,0,2,2,1,1,1
747,1,96,35,35,96,17,17,3,3,0,0,0,0,2,2,1,1,1
748,1,192,17,17,320,8,8,3,3,0,0,0,0,2,2,1,1,1
749,1,192,17,17,192,8,8,3,3,0,0,0,0,2,2,1,1,1
750,1,448,8,8,384,8,8,3,3,1,1,1,1,1,1,1,1,1
751,1,64,147,147,96,73,73,3,3,0,0,0,0,2,2,1,1,1
752,1,64,73,73,96,71,71,3,3,0,0,0,0,1,1,1,1,1
753,1,192,71,71,192,35,35,3,3,0,0,0,0,2,2,1,1,1
754,1,384,35,35,384,17,17,3,3,0,0,0,0,2,2,1,1,1
755,1,192,35,35,224,35,35,3,3,1,1,1,1,1,1,1,1,1
756,1,224,35,35,256,17,17,3,3,0,0,0,0,2,2,1,1,1
757,1,320,17,17,320,8,8,3,3,0,0,0,0,2,2,1,1,1
758,1,256,56,56,512,28,28,3,3,1,1,1,1,2,2,1,1,1
759,1,512,28,28,1024,14,14,3,3,1,1,1,1,2,2,1,1,1
760,1,1024,14,14,2048,7,7,3,3,1,1,1,1,2,2,1,1,1
761,1,32,149,149,64,147,147,3,3,0,0,0,0,1,1,1,1,1
762,1,48,112,112,96,56,56,3,3,1,1,1,1,2,2,1,1,1
763,1,96,112,112,192,56,56,3,3,1,1,1,1,2,2,1,1,1
764,1,192,56,56,384,28,28,3,3,1,1,1,1,2,2,1,1,1
765,1,128,112,112,256,56,56,3,3,1,1,1,1,2,2,1,1,1
766,1,96,28,28,192,14,14,3,3,1,1,1,1,2,2,1,1,1
767,1,192,14,14,288,7,7,3,3,1,1,1,1,2,2,1,1,1
768,1,3,224,224,64,112,112,3,3,0,0,0,0,2,2,1,1,1
769,1,64,112,112,64,112,112,3,3,1,1,1,1,1,1,1,1,1
770,1,3,384,384,64,192,192,3,3,0,0,0,0,2,2,1,1,1
771,1,64,192,192,64,192,192,3,3,1,1,1,1,1,1,1,1,1
772,1,3,512,512,64,256,256,3,3,0,0,0,0,2,2,1,1,1
773,1,64,256,256,64,256,256,3,3,1,1,1,1,1,1,1,1,1
774,1,3,224,224,128,112,112,3,3,0,0,0,0,2,2,1,1,1
775,1,3,384,384,128,192,192,3,3,0,0,0,0,2,2,1,1,1
776,1,128,192,192,128,192,192,3,3,1,1,1,1,1,1,1,1,1
777,1,3,512,512,128,256,256,3,3,0,0,0,0,2,2,1,1,1
778,1,128,256,256,128,256,256,3,3,1,1,1,1,1,1,1,1,1
779,1,32,192,192,64,192,192,3,3,1,1,1,1,1,1,1,1,1
780,1,3,224,224,192,112,112,3,3,0,0,0,0,2,2,1,1,1
781,1,192,112,112,192,112,112,3,3,1,1,1,1,1,1,1,1,1
782,1,3,384,384,192,192,192,3,3,0,0,0,0,2,2,1,1,1
783,1,192,192,192,192,192,192,3,3,1,1,1,1,1,1,1,1,1
784,1,3,512,512,192,256,256,3,3,0,0,0,0,2,2,1,1,1
785,1,192,256,256,192,256,256,3,3,1,1,1,1,1,1,1,1,1
786,1,48,128,128,96,128,128,3,3,1,1,1,1,1,1,1,1,1
787,1,3,224,224,80,112,112,3,3,1,1,1,1,2,2,1,1,1
788,1,80,112,112,160,112,112,3,3,1,1,1,1,1,1,1,1,1
789,1,3,224,224,768,7,7,32,32,0,0,0,0,32,32,1,1,1
790,1,3,224,224,1024,7,7,32,32,0,0,0,0,32,32,1,1,1
791,1,3,224,224,512,7,7,32,32,0,0,0,0,32,32,1,1,1
792,1,3,224,224,40,112,112,3,3,1,1,1,1,2,2,1,1,1
793,1,3,224,224,56,112,112,3,3,1,1,1,1,2,2,1,1,1
794,1,16,112,112,128,56,56,3,3,1,1,1,1,2,2,1,1,1
795,1,32,56,56,128,56,56,3,3,1,1,1,1,1,1,1,1,1
796,1,32,112,112,256,56,56,3,3,1,1,1,1,2,2,1,1,1
797,1,64,56,56,512,28,28,3,3,1,1,1,1,2,2,1,1,1
798,1,96,28,28,384,28,28,3,3,1,1,1,1,1,1,1,1,1
799,1,96,28,28,768,14,14,3,3,1,1,1,1,2,2,1,1,1
800,1,3,224,224,64,112,112,5,5,2,2,2,2,2,2,1,1,1
801,1,80,28,28,320,28,28,3,3,1,1,1,1,1,1,1,1,1
802,1,80,28,28,640,14,14,3,3,1,1,1,1,2,2,1,1,1
803,1,48,56,56,384,28,28,3,3,1,1,1,1,2,2,1,1,1
804,1,64,28,28,256,28,28,3,3,1,1,1,1,1,1,1,1,1
805,1,64,28,28,512,14,14,3,3,1,1,1,1,2,2,1,1,1
806,1,48,28,28,384,14,14,3,3,1,1,1,1,2,2,1,1,1
807,1,3,448,448,24,224,224,3,3,1,1,1,1,2,2,1,1,1
808,1,24,224,224,96,224,224,3,3,1,1,1,1,1,1,1,1,1
809,1,32,128,128,128,128,128,3,3,1,1,1,1,1,1,1,1,1
810,1,32,112,112,128,112,112,3,3,1,1,1,1,1,1,1,1,1
811,1,3,384,384,24,192,192,3,3,1,1,1,1,2,2,1,1,1
812,1,24,192,192,96,96,96,3,3,1,1,1,1,2,2,1,1,1
813,1,32,56,56,96,28,28,3,3,1,1,1,1,2,2,1,1,1
814,1,16,56,56,48,28,28,3,3,1,1,1,1,2,2,1,1,1
815,1,24,128,128,96,64,64,3,3,1,1,1,1,2,2,1,1,1
816,1,192,32,32,96,32,32,3,3,1,1,1,1,1,1,1,1,1
817,1,256,16,16,128,16,16,3,3,1,1,1,1,1,1,1,1,1
818,1,160,8,8,160,8,8,3,3,1,1,1,1,1,1,1,1,1
819,1,320,8,8,160,8,8,3,3,1,1,1,1,1,1,1,1,1
820,1,128,32,32,64,32,32,3,3,1,1,1,1,1,1,1,1,1
821,1,80,16,16,80,16,16,3,3,1,1,1,1,1,1,1,1,1
822,1,160,16,16,80,16,16,3,3,1,1,1,1,1,1,1,1,1
823,1,96,8,8,96,8,8,3,3,1,1,1,1,1,1,1,1,1
824,1,192,8,8,96,8,8,3,3,1,1,1,1,1,1,1,1,1
825,1,48,32,32,48,32,32,3,3,1,1,1,1,1,1,1,1,1
826,1,96,32,32,48,32,32,3,3,1,1,1,1,1,1,1,1,1
827,1,64,16,16,64,16,16,3,3,1,1,1,1,1,1,1,1,1
828,1,128,16,16,64,16,16,3,3,1,1,1,1,1,1,1,1,1
829,1,80,8,8,80,8,8,3,3,1,1,1,1,1,1,1,1,1
830,1,160,8,8,80,8,8,3,3,1,1,1,1,1,1,1,1,1
831,1,3,256,256,56,128,128,3,3,1,1,1,1,2,2,1,1,1
832,1,3,331,331,96,165,165,3,3,0,0,0,0,2,2,1,1,1
833,1,128,56,56,256,56,56,3,3,1,1,1,1,1,1,1,1,1
834,1,256,28,28,512,28,28,3,3,1,1,1,1,1,1,1,1,1
835,1,96,56,56,192,56,56,3,3,1,1,1,1,1,1,1,1,1
836,1,192,28,28,384,28,28,3,3,1,1,1,1,1,1,1,1,1
837,1,64,112,112,32,112,112,3,3,1,1,1,1,1,1,1,1,1
838,1,3,224,224,64,112,112,7,7,3,3,3,3,2,2,1,1,1
839,1,128,56,56,128,28,28,3,3,1,1,1,1,2,2,1,1,1
840,1,128,28,28,128,28,28,3,3,1,1,1,1,1,1,1,1,1
841,1,256,28,28,256,14,14,3,3,1,1,1,1,2,2,1,1,1
842,1,256,14,14,256,14,14,3,3,1,1,1,1,1,1,1,1,1
843,1,512,14,14,512,7,7,3,3,1,1,1,1,2,2,1,1,1
844,1,512,7,7,512,7,7,3,3,1,1,1,1,1,1,1,1,1
845,1,3,192,192,40,96,96,3,3,1,1,1,1,2,2,1,1,1
846,1,3,256,256,40,128,128,3,3,1,1,1,1,2,2,1,1,1
847,1,3,240,240,40,120,120,3,3,1,1,1,1,2,2,1,1,1
848,1,3,288,288,40,144,144,3,3,1,1,1,1,2,2,1,1,1
849,1,3,320,320,48,160,160,3,3,1,1,1,1,2,2,1,1,1
850,1,3,384,384,64,192,192,3,3,1,1,1,1,2,2,1,1,1
851,1,3,256,256,64,128,128,7,7,3,3,3,3,2,2,1,1,1
852,1,128,64,64,128,32,32,3,3,1,1,1,1,2,2,1,1,1
853,1,128,32,32,128,32,32,3,3,1,1,1,1,1,1,1,1,1
854,1,256,32,32,256,16,16,3,3,1,1,1,1,2,2,1,1,1
855,1,256,16,16,256,16,16,3,3,1,1,1,1,1,1,1,1,1
856,1,512,16,16,512,8,8,3,3,1,1,1,1,2,2,1,1,1
857,1,512,8,8,512,8,8,3,3,1,1,1,1,1,1,1,1,1
858,1,3,192,192,16,96,96,3,3,1,1,1,1,2,2,1,1,1
859,1,64,96,96,128,48,48,3,3,1,1,1,1,2,2,1,1,1
860,1,3,384,384,16,192,192,3,3,1,1,1,1,2,2,1,1,1
861,1,64,192,192,128,96,96,3,3,1,1,1,1,2,2,1,1,1
862,1,3,416,416,16,208,208,3,3,1,1,1,1,2,2,1,1,1
863,1,64,208,208,128,104,104,3,3,1,1,1,1,2,2,1,1,1
864,1,3,448,448,16,224,224,3,3,1,1,1,1,2,2,1,1,1
865,1,64,224,224,128,112,112,3,3,1,1,1,1,2,2,1,1,1
866,1,3,480,480,16,240,240,3,3,1,1,1,1,2,2,1,1,1
867,1,16,240,240,32,240,240,3,3,1,1,1,1,1,1,1,1,1
868,1,32,240,240,64,240,240,3,3,1,1,1,1,1,1,1,1,1
869,1,64,240,240,128,120,120,3,3,1,1,1,1,2,2,1,1,1
870,1,128,120,120,128,120,120,3,3,1,1,1,1,1,1,1,1,1
871,1,3,224,224,256,31,31,14,14,0,0,0,0,7,7,1,1,1
872,1,3,224,224,144,27,27,16,16,0,0,0,0,8,8,1,1,1
873,1,3,224,224,64,27,27,16,16,0,0,0,0,8,8,1,1,1
874,1,3,224,224,96,27,27,16,16,0,0,0,0,8,8,1,1,1
875,1,3,224,224,32,56,56,7,7,3,3,3,3,4,4,1,1,1
876,1,32,56,56,32,7,7,8,8,0,0,0,0,8,8,1,1,1
877,1,64,28,28,64,7,7,4,4,0,0,0,0,4,4,1,1,1
878,1,64,28,28,160,14,14,3,3,1,1,1,1,2,2,1,1,1
879,1,160,14,14,160,7,7,2,2,0,0,0,0,2,2,1,1,1
880,1,160,14,14,256,7,7,3,3,1,1,1,1,2,2,1,1,1
881,1,64,56,56,64,7,7,8,8,0,0,0,0,8,8,1,1,1
882,1,128,28,28,128,7,7,4,4,0,0,0,0,4,4,1,1,1
883,1,3,224,224,120,56,56,4,4,0,0,0,0,4,4,1,1,1
884,1,408,56,56,200,28,28,2,2,0,0,0,0,2,2,1,1,1
885,1,584,28,28,288,14,14,2,2,0,0,0,0,2,2,1,1,1
886,1,1000,14,14,496,7,7,2,2,0,0,0,0,2,2,1,1,1
887,1,3,224,224,144,56,56,4,4,0,0,0,0,4,4,1,1,1
888,1,528,56,56,264,28,28,2,2,0,0,0,0,2,2,1,1,1
889,1,840,28,28,416,14,14,2,2,0,0,0,0,2,2,1,1,1
890,1,1528,14,14,760,7,7,2,2,0,0,0,0,2,2,1,1,1
891,1,3,224,224,72,56,56,4,4,0,0,0,0,4,4,1,1,1
892,1,264,56,56,128,28,28,2,2,0,0,0,0,2,2,1,1,1
893,1,512,28,28,256,14,14,2,2,0,0,0,0,2,2,1,1,1
894,1,760,14,14,376,7,7,2,2,0,0,0,0,2,2,1,1,1
895,1,256,56,56,128,28,28,2,2,0,0,0,0,2,2,1,1,1
896,1,440,28,28,216,14,14,2,2,0,0,0,0,2,2,1,1,1
897,1,744,14,14,368,7,7,2,2,0,0,0,0,2,2,1,1,1
898,1,80,112,112,80,56,56,3,3,1,1,1,1,2,2,1,1,1
899,1,80,56,56,80,56,56,3,3,1,1,1,1,1,1,1,1,1
900,1,232,112,112,232,56,56,3,3,1,1,1,1,2,2,1,1,1
901,1,232,56,56,232,56,56,3,3,1,1,1,1,1,1,1,1,1
902,1,328,192,192,328,96,96,3,3,1,1,1,1,2,2,1,1,1
903,1,328,96,96,328,96,96,3,3,1,1,1,1,1,1,1,1,1
904,1,64,128,128,64,128,128,3,3,1,1,1,1,1,1,1,1,1
905,1,3,224,224,12,112,112,3,3,1,1,1,1,2,2,1,1,1
906,1,48,112,112,48,56,56,3,3,1,1,1,1,2,2,1,1,1
907,1,192,14,14,1280,7,7,3,3,1,1,1,1,2,2,1,1,1
908,1,256,14,14,1280,7,7,3,3,1,1,1,1,2,2,1,1,1
909,1,64,112,112,96,56,56,3,3,1,1,1,1,2,2,1,1,1
910,1,384,14,14,384,14,14,3,3,1,1,1,1,1,1,1,1,1
911,1,384,14,14,1408,7,7,3,3,1,1,1,1,2,2,1,1,1
912,1,256,28,28,256,28,28,3,3,1,1,1,1,1,1,1,1,1
913,1,512,14,14,512,14,14,3,3,1,1,1,1,1,1,1,1,1
914,1,512,14,14,2048,7,7,3,3,1,1,1,1,2,2,1,1,1
915,1,64,112,112,160,56,56,3,3,1,1,1,1,2,2,1,1,1
916,1,160,56,56,160,56,56,3,3,1,1,1,1,1,1,1,1,1
917,1,160,56,56,320,28,28,3,3,1,1,1,1,2,2,1,1,1
918,1,320,28,28,320,28,28,3,3,1,1,1,1,1,1,1,1,1
919,1,320,28,28,640,14,14,3,3,1,1,1,1,2,2,1,1,1
920,1,640,14,14,640,14,14,3,3,1,1,1,1,1,1,1,1,1
921,1,640,14,14,2560,7,7,3,3,1,1,1,1,2,2,1,1,1
922,1,64,112,112,192,56,56,3,3,1,1,1,1,2,2,1,1,1
923,1,384,28,28,384,28,28,3,3,1,1,1,1,1,1,1,1,1
924,1,384,28,28,768,14,14,3,3,1,1,1,1,2,2,1,1,1
925,1,768,14,14,768,14,14,3,3,1,1,1,1,1,1,1,1,1
926,1,768,14,14,2560,7,7,3,3,1,1,1,1,2,2,1,1,1
927,1,3,320,320,64,160,160,3,3,1,1,1,1,2,2,1,1,1
928,1,64,160,160,160,80,80,3,3,1,1,1,1,2,2,1,1,1
929,1,160,80,80,160,80,80,3,3,1,1,1,1,1,1,1,1,1
930,1,160,80,80,320,40,40,3,3,1,1,1,1,2,2,1,1,1
931,1,320,40,40,320,40,40,3,3,1,1,1,1,1,1,1,1,1
932,1,320,40,40,640,20,20,3,3,1,1,1,1,2,2,1,1,1
933,1,640,20,20,640,20,20,3,3,1,1,1,1,1,1,1,1,1
934,1,640,20,20,2560,10,10,3,3,1,1,1,1,2,2,1,1,1
935,1,3,224,224,28,112,112,3,3,1,1,1,1,2,2,1,1,1
936,1,28,112,112,56,56,56,3,3,1,1,1,1,2,2,1,1,1
937,1,40,112,112,80,56,56,3,3,1,1,1,1,2,2,1,1,1
938,1,14,56,56,14,56,56,3,3,1,1,1,1,1,1,1,1,1
939,1,28,56,56,28,28,28,3,3,1,1,1,1,2,2,1,1,1
940,1,28,28,28,28,28,28,3,3,1,1,1,1,1,1,1,1,1
941,1,56,28,28,56,14,14,3,3,1,1,1,1,2,2,1,1,1
942,1,56,14,14,56,14,14,3,3,1,1,1,1,1,1,1,1,1
943,1,112,14,14,112,7,7,3,3,1,1,1,1,2,2,1,1,1
944,1,26,56,56,26,56,56,3,3,1,1,1,1,1,1,1,1,1
945,1,52,56,56,52,28,28,3,3,1,1,1,1,2,2,1,1,1
946,1,52,28,28,52,28,28,3,3,1,1,1,1,1,1,1,1,1
947,1,104,28,28,104,14,14,3,3,1,1,1,1,2,2,1,1,1
948,1,104,14,14,104,14,14,3,3,1,1,1,1,1,1,1,1,1
949,1,208,14,14,208,7,7,3,3,1,1,1,1,2,2,1,1,1
950,1,208,7,7,208,7,7,3,3,1,1,1,1,1,1,1,1,1
951,1,96,56,56,96,28,28,3,3,1,1,1,1,2,2,1,1,1
952,1,192,28,28,192,14,14,3,3,1,1,1,1,2,2,1,1,1
953,1,384,14,14,384,7,7,3,3,1,1,1,1,2,2,1,1,1
954,1,3,224,224,768,28,28,8,8,0,0,0,0,8,8,1,1,1
955,1,64,128,128,128,128,128,3,3,1,1,1,1,1,1,1,1,1
956,1,64,160,160,64,160,160,3,3,1,1,1,1,1,1,1,1,1
957,1,64,160,160,128,160,160,3,3,1,1,1,1,1,1,1,1,1
958,1,3,416,416,64,208,208,3,3,1,1,1,1,2,2,1,1,1
959,1,64,208,208,64,208,208,3,3,1,1,1,1,1,1,1,1,1
960,1,64,208,208,128,208,208,3,3,1,1,1,1,1,1,1,1,1
961,1,3,176,176,24,88,88,3,3,1,1,1,1,2,2,1,1,1
962,1,24,88,88,32,88,88,3,3,1,1,1,1,1,1,1,1,1
963,1,32,88,88,64,88,88,3,3,1,1,1,1,1,1,1,1,1
964,1,64,44,44,64,44,44,3,3,1,1,1,1,1,1,1,1,1
965,1,64,44,44,128,22,22,3,3,1,1,1,1,2,2,1,1,1
966,1,128,22,22,128,22,22,3,3,1,1,1,1,1,1,1,1,1
967,1,128,22,22,256,11,11,3,3,1,1,1,1,2,2,1,1,1
968,1,256,11,11,256,11,11,3,3,1,1,1,1,1,1,1,1,1
969,1,256,11,11,512,6,6,3,3,1,1,1,1,2,2,1,1,1
970,1,512,6,6,512,6,6,3,3,1,1,1,1,1,1,1,1,1
971,1,128,44,44,128,22,22,3,3,1,1,1,1,2,2,1,1,1
972,1,256,22,22,256,11,11,3,3,1,1,1,1,2,2,1,1,1
973,1,512,11,11,512,6,6,3,3,1,1,1,1,2,2,1,1,1
974,1,256,32,32,256,32,32,3,3,1,1,1,1,1,1,1,1,1
975,1,512,16,16,512,16,16,3,3,1,1,1,1,1,1,1,1,1
976,1,40,144,144,40,144,144,3,3,1,1,1,1,1,1,1,1,1
977,1,40,144,144,80,144,144,3,3,1,1,1,1,1,1,1,1,1
978,1,80,72,72,80,72,72,3,3,1,1,1,1,1,1,1,1,1
979,1,160,72,72,160,72,72,3,3,1,1,1,1,1,1,1,1,1
980,1,160,36,36,160,36,36,3,3,1,1,1,1,1,1,1,1,1
981,1,320,36,36,320,36,36,3,3,1,1,1,1,1,1,1,1,1
982,1,320,18,18,320,18,18,3,3,1,1,1,1,1,1,1,1,1
983,1,640,18,18,640,18,18,3,3,1,1,1,1,1,1,1,1,1
984,1,640,9,9,640,9,9,3,3,1,1,1,1,1,1,1,1,1
985,1,3,384,384,48,192,192,3,3,1,1,1,1,2,2,1,1,1
986,1,48,192,192,48,192,192,3,3,1,1,1,1,1,1,1,1,1
987,1,48,192,192,96,192,192,3,3,1,1,1,1,1,1,1,1,1
988,1,96,96,96,96,96,96,3,3,1,1,1,1,1,1,1,1,1
989,1,192,96,96,192,96,96,3,3,1,1,1,1,1,1,1,1,1
990,1,192,48,48,192,48,48,3,3,1,1,1,1,1,1,1,1,1
991,1,384,48,48,384,48,48,3,3,1,1,1,1,1,1,1,1,1
992,1,384,24,24,384,24,24,3,3,1,1,1,1,1,1,1,1,1
993,1,768,24,24,768,24,24,3,3,1,1,1,1,1,1,1,1,1
994,1,768,12,12,768,12,12,3,3,1,1,1,1,1,1,1,1,1
995,1,64,224,224,64,224,224,3,3,1,1,1,1,1,1,1,1,1
996,1,64,224,224,128,224,224,3,3,1,1,1,1,1,1,1,1,1
997,1,256,112,112,256,112,112,3,3,1,1,1,1,1,1,1,1,1
998,1,256,56,56,256,56,56,3,3,1,1,1,1,1,1,1,1,1
999,1,512,56,56,512,56,56,3,3,1,1,1,1,1,1,1,1,1
1000,1,512,28,28,512,28,28,3,3,1,1,1,1,1,1,1,1,1
1001,1,1024,28,28,1024,28,28,3,3,1,1,1,1,1,1,1,1,1
1002,1,1024,14,14,1024,14,14,3,3,1,1,1,1,1,1,1,1,1
1003,1,128,64,64,256,64,64,3,3,1,1,1,1,1,1,1,1,1
1004,1,64,56,56,128,56,56,3,3,1,1,1,1,1,1,1,1,1
1005,1,128,28,28,256,28,28,3,3,1,1,1,1,1,1,1,1,1
1006,1,256,14,14,512,14,14,3,3,1,1,1,1,1,1,1,1,1
1007,1,3,160,160,32,80,80,3,3,1,1,1,1,2,2,1,1,1
1008,1,32,80,80,32,80,80,3,3,1,1,1,1,1,1,1,1,1
1009,1,32,80,80,64,80,80,3,3,1,1,1,1,1,1,1,1,1
1010,1,64,80,80,64,40,40,3,3,1,1,1,1,2,2,1,1,1
1011,1,64,40,40,64,40,40,3,3,1,1,1,1,1,1,1,1,1
1012,1,128,40,40,128,20,20,3,3,1,1,1,1,2,2,1,1,1
1013,1,128,20,20,128,20,20,3,3,1,1,1,1,1,1,1,1,1
1014,1,256,20,20,256,10,10,3,3,1,1,1,1,2,2,1,1,1
1015,1,256,10,10,256,10,10,3,3,1,1,1,1,1,1,1,1,1
1016,1,512,10,10,512,5,5,3,3,1,1,1,1,2,2,1,1,1
1017,1,512,5,5,512,5,5,3,3,1,1,1,1,1,1,1,1,1
1018,1,3,192,192,32,96,96,3,3,1,1,1,1,2,2,1,1,1
1019,1,32,96,96,32,96,96,3,3,1,1,1,1,1,1,1,1,1
1020,1,32,96,96,64,96,96,3,3,1,1,1,1,1,1,1,1,1
1021,1,64,96,96,64,48,48,3,3,1,1,1,1,2,2,1,1,1
1022,1,64,48,48,64,48,48,3,3,1,1,1,1,1,1,1,1,1
1023,1,128,48,48,128,24,24,3,3,1,1,1,1,2,2,1,1,1
1024,1,128,24,24,128,24,24,3,3,1,1,1,1,1,1,1,1,1
1025,1,256,24,24,256,12,12,3,3,1,1,1,1,2,2,1,1,1
1026,1,256,12,12,256,12,12,3,3,1,1,1,1,1,1,1,1,1
1027,1,512,12,12,512,6,6,3,3,1,1,1,1,2,2,1,1,1
1028,1,3,288,288,32,144,144,3,3,1,1,1,1,2,2,1,1,1
1029,1,32,144,144,32,144,144,3,3,1,1,1,1,1,1,1,1,1
1030,1,32,144,144,64,144,144,3,3,1,1,1,1,1,1,1,1,1
1031,1,64,144,144,64,72,72,3,3,1,1,1,1,2,2,1,1,1
1032,1,64,72,72,64,72,72,3,3,1,1,1,1,1,1,1,1,1
1033,1,128,72,72,128,36,36,3,3,1,1,1,1,2,2,1,1,1
1034,1,128,36,36,128,36,36,3,3,1,1,1,1,1,1,1,1,1
1035,1,256,36,36,256,18,18,3,3,1,1,1,1,2,2,1,1,1
1036,1,256,18,18,256,18,18,3,3,1,1,1,1,1,1,1,1,1
1037,1,512,18,18,512,9,9,3,3,1,1,1,1,2,2,1,1,1
1038,1,512,9,9,512,9,9,3,3,1,1,1,1,1,1,1,1,1
1039,1,64,160,160,64,80,80,3,3,1,1,1,1,2,2,1,1,1
1040,1,3,448,448,192,224,224,7,7,3,3,3,3,2,2,1,1,1
1041,1,384,112,112,384,56,56,3,3,1,1,1,1,2,2,1,1,1
1042,1,384,56,56,384,56,56,3,3,1,1,1,1,1,1,1,1,1
1043,1,768,56,56,768,28,28,3,3,1,1,1,1,2,2,1,1,1
1044,1,768,28,28,768,28,28,3,3,1,1,1,1,1,1,1,1,1
1045,1,1536,28,28,1536,14,14,3,3,1,1,1,1,2,2,1,1,1
1046,1,1536,14,14,1536,14,14,3,3,1,1,1,1,1,1,1,1,1
1047,1,3,448,448,64,224,224,7,7,3,3,3,3,2,2,1,1,1
1048,1,256,56,56,256,28,28,3,3,1,1,1,1,2,2,1,1,1
1049,1,512,28,28,512,14,14,3,3,1,1,1,1,2,2,1,1,1
1050,1,1024,14,14,1024,7,7,3,3,1,1,1,1,2,2,1,1,1
1051,1,1024,7,7,1024,7,7,3,3,1,1,1,1,1,1,1,1,1
1052,1,3,480,480,256,240,240,7,7,3,3,3,3,2,2,1,1,1
1053,1,256,120,120,256,120,120,3,3,1,1,1,1,1,1,1,1,1
1054,1,512,120,120,512,60,60,3,3,1,1,1,1,2,2,1,1,1
1055,1,512,60,60,512,60,60,3,3,1,1,1,1,1,1,1,1,1
1056,1,1024,60,60,1024,30,30,3,3,1,1,1,1,2,2,1,1,1
1057,1,1024,30,30,1024,30,30,3,3,1,1,1,1,1,1,1,1,1
1058,1,2048,30,30,2048,15,15,3,3,1,1,1,1,2,2,1,1,1
1059,1,2048,15,15,2048,15,15,3,3,1,1,1,1,1,1,1,1,1
1060,1,3,224,224,42,112,112,3,3,1,1,1,1,2,2,1,1,1
1061,1,3,896,896,112,224,224,7,7,3,3,3,3,4,4,1,1,1
1062,1,3,1024,1024,144,256,256,7,7,3,3,3,3,4,4,1,1,1
1063,1,3,896,896,96,224,224,7,7,3,3,3,3,4,4,1,1,1
1064,1,3,1024,1024,768,64,64,16,16,0,0,0,0,16,16,1,1,1
1065,1,256,64,64,256,64,64,3,3,1,1,1,1,1,1,1,1,1
1066,1,3,1024,1024,1280,64,64,16,16,0,0,0,0,16,16,1,1,1
1067,1,3,1024,1024,1024,64,64,16,16,0,0,0,0,16,16,1,1,1
1068,1,64,56,56,32,56,56,3,3,1,1,1,1,1,1,1,1,1
1069,1,128,56,56,144,28,28,3,3,1,1,1,1,2,2,1,1,1
1070,1,144,28,28,72,28,28,3,3,1,1,1,1,1,1,1,1,1
1071,1,144,28,28,144,28,28,3,3,1,1,1,1,1,1,1,1,1
1072,1,288,28,28,304,14,14,3,3,1,1,1,1,2,2,1,1,1
1073,1,304,14,14,152,14,14,3,3,1,1,1,1,1,1,1,1,1
1074,1,304,14,14,304,14,14,3,3,1,1,1,1,1,1,1,1,1
1075,1,480,14,14,960,7,7,3,3,1,1,1,1,2,2,1,1,1
1076,1,960,7,7,1024,7,7,3,3,1,1,1,1,1,1,1,1,1
1077,1,1024,7,7,1024,4,4,3,3,1,1,1,1,2,2,1,1,1
1078,1,1024,7,7,1280,4,4,3,3,1,1,1,1,2,2,1,1,1
1079,1,288,28,28,288,14,14,3,3,1,1,1,1,2,2,1,1,1
1080,1,288,14,14,144,14,14,3,3,1,1,1,1,1,1,1,1,1
1081,1,288,14,14,288,14,14,3,3,1,1,1,1,1,1,1,1,1
1082,1,416,14,14,756,7,7,3,3,1,1,1,1,2,2,1,1,1
1083,1,756,7,7,1024,7,7,3,3,1,1,1,1,1,1,1,1,1
1084,1,144,56,56,144,28,28,3,3,1,1,1,1,2,2,1,1,1
1085,1,304,28,28,304,14,14,3,3,1,1,1,1,2,2,1,1,1
1086,1,512,14,14,960,7,7,3,3,1,1,1,1,2,2,1,1,1
1087,1,1024,4,4,1280,4,4,3,3,1,1,1,1,1,1,1,1,1
1088,1,3,224,224,192,32,32,7,7,0,0,0,0,7,7,1,1,1
1089,1,192,32,32,384,16,16,2,2,0,0,0,0,2,2,1,1,1
1090,1,64,192,192,64,192,192,3,3,1,1,1,1,1,1,1,1,1
1091,1,32,56,56,64,56,56,3,3,1,1,1,1,1,1,1,1,1
1092,1,32,56,56,128,28,28,3,3,1,1,1,1,2,2,1,1,1
1093,1,64,28,28,128,28,28,3,3,1,1,1,1,1,1,1,1,1
1094,1,128,14,14,256,14,14,3,3,1,1,1,1,1,1,1,1,1
1095,1,256,7,7,512,7,7,3,3,1,1,1,1,1,1,1,1,1
1096,1,3,384,384,192,96,96,4,4,0,0,0,0,4,4,1,1,1
1097,1,3,256,256,128,64,64,4,4,0,0,0,0,4,4,1,1,1
1098,1,3,192,192,128,48,48,4,4,0,0,0,0,4,4,1,1,1
1099,1,3,224,224,512,56,56,4,4,0,0,0,0,4,4,1,1,1
1100,1,3,384,384,512,96,96,4,4,0,0,0,0,4,4,1,1,1
1101,1,3,224,224,352,56,56,4,4,0,0,0,0,4,4,1,1,1
1102,1,3,384,384,96,96,96,4,4,0,0,0,0,4,4,1,1,1
1103,1,3,256,256,96,64,64,4,4,0,0,0,0,4,4,1,1,1
1104,1,3,192,192,192,48,48,4,4,0,0,0,0,4,4,1,1,1
1105,1,3,256,256,192,64,64,4,4,0,0,0,0,4,4,1,1,1
1106,1,3,160,160,24,80,80,3,3,1,1,1,1,2,2,1,1,1
1107,1,24,80,80,16,40,40,3,3,1,1,1,1,2,2,1,1,1
1108,1,32,40,40,64,20,20,3,3,1,1,1,1,2,2,1,1,1
1109,1,64,20,20,32,10,10,3,3,1,1,1,1,2,2,1,1,1
1110,1,32,10,10,128,10,10,3,3,1,1,1,1,1,1,1,1,1
1111,1,64,10,10,64,5,5,3,3,1,1,1,1,2,2,1,1,1
1112,1,3,160,160,24,40,40,4,4,0,0,0,0,4,4,1,1,1
1113,1,24,40,40,32,20,20,2,2,0,0,0,0,2,2,1,1,1
1114,1,32,20,20,48,10,10,2,2,0,0,0,0,2,2,1,1,1
1115,1,48,10,10,64,5,5,2,2,0,0,0,0,2,2,1,1,1
1116,1,3,160,160,32,40,40,4,4,0,0,0,0,4,4,1,1,1
1117,1,32,40,40,64,20,20,2,2,0,0,0,0,2,2,1,1,1
1118,1,64,20,20,96,10,10,2,2,0,0,0,0,2,2,1,1,1
1119,1,96,10,10,128,5,5,2,2,0,0,0,0,2,2,1,1,1
1120,1,24,80,80,16,80,80,3,3,1,1,1,1,1,1,1,1,1
1121,1,16,80,80,64,40,40,3,3,1,1,1,1,2,2,1,1,1
1122,1,24,40,40,96,20,20,3,3,1,1,1,1,2,2,1,1,1
1123,1,3,160,160,8,80,80,3,3,1,1,1,1,2,2,1,1,1
1124,1,8,80,80,16,40,40,3,3,1,1,1,1,2,2,1,1,1
1125,1,16,40,40,32,20,20,3,3,1,1,1,1,2,2,1,1,1
1126,1,32,20,20,48,10,10,3,3,1,1,1,1,2,2,1,1,1
1127,1,48,10,10,64,5,5,3,3,1,1,1,1,2,2,1,1,1
1128,1,3,160,160,16,80,80,3,3,1,1,1,1,2,2,1,1,1
1129,1,16,80,80,32,80,80,3,3,1,1,1,1,1,1,1,1,1
1130,1,32,80,80,64,80,80,3,3,1,1,1,1,1,1,1,1,1
1131,1,64,80,80,128,40,40,3,3,1,1,1,1,2,2,1,1,1
1132,1,8,40,40,8,40,40,3,3,1,1,1,1,1,1,1,1,1
1133,1,3,160,160,16,80,80,3,3,1,1,1,1,2,2,1,1,1
1134,1,16,80,80,16,80,80,3,3,1,1,1,1,1,1,1,1,1
1135,1,16,80,80,32,80,80,3,3,1,1,1,1,1,1,1,1,1
1136,1,32,40,40,32,40,40,3,3,1,1,1,1,1,1,1,1,1
1137,1,32,40,40,48,20,20,3,3,1,1,1,1,2,2,1,1,1
1138,1,48,20,20,48,20,20,3,3,1,1,1,1,1,1,1,1,1
1139,1,48,20,20,48,10,10,3,3,1,1,1,1,2,2,1,1,1
1140,1,192,10,10,96,5,5,3,3,1,1,1,1,2,2,1,1,1
1141,1,96,5,5,96,5,5,3,3,1,1,1,1,1,1,1,1,1
1142,1,3,160,160,64,10,10,16,16,0,0,0,0,16,16,1,1,1
1143,1,3,160,160,96,10,10,16,16,0,0,0,0,16,16,1,1,1
1144,1,3,224,224,32,112,112,3,3,0,0,0,0,2,2,1,1,1
1145,1,3,380,380,48,190,190,3,3,0,0,0,0,2,2,1,1,1
1146,1,3,456,456,48,228,228,3,3,0,0,0,0,2,2,1,1,1
1147,1,3,528,528,56,264,264,3,3,0,0,0,0,2,2,1,1,1
1148,1,3,600,600,64,300,300,3,3,0,0,0,0,2,2,1,1,1
1149,1,3,672,672,72,336,336,3,3,0,0,0,0,2,2,1,1,1
1150,1,32,150,150,256,75,75,3,3,0,0,0,0,2,2,1,1,1
1151,1,40,75,75,320,38,38,3,3,0,0,0,0,2,2,1,1,1
1152,1,24,120,120,192,60,60,3,3,0,0,0,0,2,2,1,1,1
1153,1,32,60,60,256,30,30,3,3,0,0,0,0,2,2,1,1,1
1154,1,24,112,112,192,56,56,3,3,0,0,0,0,2,2,1,1,1
1155,1,32,56,56,256,28,28,3,3,0,0,0,0,2,2,1,1,1
1156,1,3,475,475,136,238,238,3,3,0,0,0,0,2,2,1,1,1
1157,1,3,300,300,32,150,150,3,3,0,0,0,0,2,2,1,1,1
1158,1,3,380,380,32,190,190,3,3,0,0,0,0,2,2,1,1,1
1159,1,3,192,192,32,96,96,3,3,0,0,0,0,2,2,1,1,1
1160,1,32,96,96,16,96,96,3,3,1,1,1,1,1,1,1,1,1
1161,1,16,96,96,64,48,48,3,3,0,0,0,0,2,2,1,1,1
1162,1,32,48,48,128,48,48,3,3,1,1,1,1,1,1,1,1,1
1163,1,32,48,48,128,24,24,3,3,0,0,0,0,2,2,1,1,1
1164,1,48,24,24,192,24,24,3,3,1,1,1,1,1,1,1,1,1
1165,1,16,96,96,16,96,96,3,3,1,1,1,1,1,1,1,1,1
1166,1,3,208,208,32,104,104,3,3,0,0,0,0,2,2,1,1,1
1167,1,32,104,104,16,104,104,3,3,1,1,1,1,1,1,1,1,1
1168,1,16,104,104,16,104,104,3,3,1,1,1,1,1,1,1,1,1
1169,1,16,104,104,64,52,52,3,3,0,0,0,0,2,2,1,1,1
1170,1,32,52,52,128,52,52,3,3,1,1,1,1,1,1,1,1,1
1171,1,32,52,52,128,26,26,3,3,0,0,0,0,2,2,1,1,1
1172,1,56,26,26,224,26,26,3,3,1,1,1,1,1,1,1,1,1
1173,1,3,240,240,40,120,120,3,3,0,0,0,0,2,2,1,1,1
1174,1,40,120,120,16,120,120,3,3,1,1,1,1,1,1,1,1,1
1175,1,16,120,120,16,120,120,3,3,1,1,1,1,1,1,1,1,1
1176,1,16,120,120,64,60,60,3,3,0,0,0,0,2,2,1,1,1
1177,1,40,60,60,160,60,60,3,3,1,1,1,1,1,1,1,1,1
1178,1,40,60,60,160,30,30,3,3,0,0,0,0,2,2,1,1,1
1179,1,56,30,30,224,30,30,3,3,1,1,1,1,1,1,1,1,1
1180,1,3,384,384,32,192,192,3,3,0,0,0,0,2,2,1,1,1
1181,1,32,192,192,128,96,96,3,3,0,0,0,0,2,2,1,1,1
1182,1,64,96,96,256,48,48,3,3,0,0,0,0,2,2,1,1,1
1183,1,3,384,384,24,192,192,3,3,0,0,0,0,2,2,1,1,1
1184,1,24,192,192,24,192,192,3,3,1,1,1,1,1,1,1,1,1
1185,1,24,192,192,96,96,96,3,3,0,0,0,0,2,2,1,1,1
1186,1,48,96,96,192,96,96,3,3,1,1,1,1,1,1,1,1,1
1187,1,48,96,96,192,48,48,3,3,0,0,0,0,2,2,1,1,1
1188,1,80,48,48,320,48,48,3,3,1,1,1,1,1,1,1,1,1
1189,1,3,300,300,24,150,150,3,3,0,0,0,0,2,2,1,1,1
1190,1,24,150,150,24,150,150,3,3,1,1,1,1,1,1,1,1,1
1191,1,24,150,150,96,75,75,3,3,0,0,0,0,2,2,1,1,1
1192,1,48,75,75,192,75,75,3,3,1,1,1,1,1,1,1,1,1
1193,1,48,75,75,192,38,38,3,3,0,0,0,0,2,2,1,1,1
1194,1,64,38,38,256,38,38,3,3,1,1,1,1,1,1,1,1,1
1195,1,3,224,224,24,112,112,3,3,0,0,0,0,2,2,1,1,1
1196,1,3,224,224,16,112,112,3,3,0,0,0,0,2,2,1,1,1
1197,1,48,192,192,96,96,96,3,3,1,1,1,1,2,2,1,1,1
1198,1,3,512,512,48,256,256,3,3,1,1,1,1,2,2,1,1,1
1199,1,48,256,256,96,128,128,3,3,1,1,1,1,2,2,1,1,1
1200,1,3,188,188,32,94,94,3,3,1,1,1,1,2,2,1,1,1
1201,1,3,184,184,32,92,92,3,3,1,1,1,1,2,2,1,1,1
1202,1,3,152,152,32,76,76,3,3,1,1,1,1,2,2,1,1,1
1203,1,3,106,106,32,53,53,3,3,1,1,1,1,2,2,1,1,1
1204,1,3,224,224,40,56,56,7,7,3,3,3,3,4,4,1,1,1
1205,1,3,224,224,24,56,56,7,7,3,3,3,3,4,4,1,1,1
1206,1,48,56,56,76,56,56,3,3,1,1,1,1,1,1,1,1,1
1207,1,76,56,56,76,56,56,3,3,1,1,1,1,1,1,1,1,1
1208,1,76,56,56,152,56,56,3,3,1,1,1,1,1,1,1,1,1
1209,1,152,28,28,152,28,28,3,3,1,1,1,1,1,1,1,1,1
1210,1,304,28,28,304,28,28,3,3,1,1,1,1,1,1,1,1,1
1211,1,608,14,14,608,14,14,3,3,1,1,1,1,1,1,1,1,1
1212,1,608,7,7,608,7,7,3,3,1,1,1,1,1,1,1,1,1
1213,1,48,56,56,64,56,56,3,3,1,1,1,1,1,1,1,1,1
1214,1,48,56,56,83,56,56,3,3,1,1,1,1,1,1,1,1,1
1215,1,83,56,56,83,56,56,3,3,1,1,1,1,1,1,1,1,1
1216,1,83,56,56,166,56,56,3,3,1,1,1,1,1,1,1,1,1
1217,1,166,28,28,166,28,28,3,3,1,1,1,1,1,1,1,1,1
1218,1,332,28,28,332,28,28,3,3,1,1,1,1,1,1,1,1,1
1219,1,332,14,14,332,14,14,3,3,1,1,1,1,1,1,1,1,1
1220,1,664,14,14,664,14,14,3,3,1,1,1,1,1,1,1,1,1
1221,1,664,7,7,664,7,7,3,3,1,1,1,1,1,1,1,1,1
1222,1,96,56,56,96,7,7,8,8,0,0,0,0,8,8,1,1,1
1223,1,192,28,28,192,7,7,4,4,0,0,0,0,4,4,1,1,1
1224,1,384,14,14,384,7,7,2,2,0,0,0,0,2,2,1,1,1
1225,1,128,56,56,128,7,7,8,8,0,0,0,0,8,8,1,1,1
1226,1,256,28,28,256,7,7,4,4,0,0,0,0,4,4,1,1,1
1227,1,512,14,14,512,7,7,2,2,0,0,0,0,2,2,1,1,1
1228,1,256,14,14,256,7,7,2,2,0,0,0,0,2,2,1,1,1
1229,1,3,224,224,64,224,224,3,3,1,1,1,1,1,1,1,1,1
1230,1,64,112,112,128,112,112,3,3,1,1,1,1,1,1,1,1,1
1231,1,256,56,56,256,56,56,3,3,1,1,1,1,1,1,1,1,1
1232,1,512,28,28,512,28,28,3,3,1,1,1,1,1,1,1,1,1
1233,1,512,14,14,512,14,14,3,3,1,1,1,1,1,1,1,1,1
1234,1,512,7,7,4096,1,1,7,7,0,0,0,0,1,1,1,1,1
1235,1,64,224,224,64,224,224,3,3,1,1,1,1,1,1,1,1,1
1236,1,3,224,224,32,112,112,7,7,3,3,3,3,2,2,1,1,1
1237,1,32,112,112,192,28,28,4,4,0,0,0,0,4,4,1,1,1
1238,1,3,224,224,16,112,112,7,7,3,3,3,3,2,2,1,1,1
1239,1,16,112,112,96,28,28,4,4,0,0,0,0,4,4,1,1,1
1240,1,3,224,224,192,56,56,4,4,0,0,0,0,4,4,1,1,1
1241,1,192,56,56,192,28,28,2,2,0,0,0,0,2,2,1,1,1
1242,1,192,28,28,768,14,14,2,2,0,0,0,0,2,2,1,1,1
1243,1,3,518,518,768,37,37,14,14,0,0,0,0,14,14,1,1,1
1244,1,3,224,224,768,14,14,16,16,0,0,0,0,16,16,1,1,1
1245,1,3,384,384,768,24,24,16,16,0,0,0,0,16,16,1,1,1
1246,1,3,240,240,896,15,15,16,16,0,0,0,0,16,16,1,1,1
1247,1,3,256,256,768,16,16,16,16,0,0,0,0,16,16,1,1,1
1248,1,3,512,512,768,32,32,16,16,0,0,0,0,16,16,1,1,1
1249,1,3,384,384,768,12,12,32,32,0,0,0,0,32,32,1,1,1
1250,1,3,224,224,768,7,7,32,32,0,0,0,0,32,32,1,1,1
1251,1,3,256,256,768,8,8,32,32,0,0,0,0,32,32,1,1,1
1252,1,3,384,384,768,12,12,32,32,0,0,0,0,32,32,1,1,1
1253,1,3,448,448,768,14,14,32,32,0,0,0,0,32,32,1,1,1
1254,1,3,256,256,896,8,8,32,32,0,0,0,0,32,32,1,1,1
1255,1,3,224,224,64,112,112,7,7,0,0,0,0,2,2,1,1,1
1256,1,128,56,56,128,28,28,3,3,0,0,0,0,2,2,1,1,1
1257,1,256,28,28,256,14,14,3,3,0,0,0,0,2,2,1,1,1
1258,1,512,14,14,512,7,7,3,3,0,0,0,0,2,2,1,1,1
1259,1,3,384,384,64,192,192,7,7,0,0,0,0,2,2,1,1,1
1260,1,64,96,96,64,96,96,3,3,1,1,1,1,1,1,1,1,1
1261,1,128,96,96,128,48,48,3,3,0,0,0,0,2,2,1,1,1
1262,1,128,48,48,128,48,48,3,3,1,1,1,1,1,1,1,1,1
1263,1,256,48,48,256,24,24,3,3,0,0,0,0,2,2,1,1,1
1264,1,256,24,24,256,24,24,3,3,1,1,1,1,1,1,1,1,1
1265,1,3,256,256,640,16,16,16,16,0,0,0,0,16,16,1,1,1
1266,1,3,384,384,640,24,24,16,16,0,0,0,0,16,16,1,1,1
1267,1,3,224,224,640,7,7,32,32,0,0,0,0,32,32,1,1,1
1268,1,3,224,224,1408,16,16,14,14,0,0,0,0,14,14,1,1,1
1269,1,3,518,518,1536,37,37,14,14,0,0,0,0,14,14,1,1,1
1270,1,3,224,224,1408,14,14,16,16,0,0,0,0,16,16,1,1,1
1271,1,3,224,224,1664,16,16,14,14,0,0,0,0,14,14,1,1,1
1272,1,3,224,224,1664,16,16,14,14,0,0,0,0,14,14,1,1,1
1273,1,3,224,224,1280,16,16,14,14,0,0,0,0,14,14,1,1,1
1274,1,3,336,336,1280,24,24,14,14,0,0,0,0,14,14,1,1,1
1275,1,3,378,378,1280,27,27,14,14,0,0,0,0,14,14,1,1,1
1276,1,3,448,448,1280,28,28,16,16,0,0,0,0,16,16,1,1,1
1277,1,3,224,224,1024,16,16,14,14,0,0,0,0,14,14,1,1,1
1278,1,3,336,336,1024,24,24,14,14,0,0,0,0,14,14,1,1,1
1279,1,3,518,518,1024,37,37,14,14,0,0,0,0,14,14,1,1,1
1280,1,3,256,256,1024,16,16,16,16,0,0,0,0,16,16,1,1,1
1281,1,3,384,384,1024,12,12,32,32,0,0,0,0,32,32,1,1,1
1282,1,512,24,24,512,12,12,3,3,0,0,0,0,2,2,1,1,1
1283,1,512,12,12,512,12,12,3,3,1,1,1,1,1,1,1,1,1
1284,1,3,256,256,320,16,16,16,16,0,0,0,0,16,16,1,1,1
1285,1,3,224,224,512,14,14,16,16,0,0,0,0,16,16,1,1,1
1286,1,3,240,240,512,15,15,16,16,0,0,0,0,16,16,1,1,1
1287,1,3,256,256,512,16,16,16,16,0,0,0,0,16,16,1,1,1
1288,1,3,384,384,512,24,24,16,16,0,0,0,0,16,16,1,1,1
1289,1,3,224,224,512,7,7,32,32,0,0,0,0,32,32,1,1,1
1290,1,3,256,256,256,16,16,16,16,0,0,0,0,16,16,1,1,1
1291,1,3,224,224,384,28,28,8,8,0,0,0,0,8,8,1,1,1
1292,1,3,518,518,384,37,37,14,14,0,0,0,0,14,14,1,1,1
1293,1,3,224,224,384,7,7,32,32,0,0,0,0,32,32,1,1,1
1294,1,3,384,384,384,12,12,32,32,0,0,0,0,32,32,1,1,1
1295,1,3,256,256,896,16,16,16,16,0,0,0,0,16,16,1,1,1
1296,1,3,224,224,1152,16,16,14,14,0,0,0,0,14,14,1,1,1
1297,1,3,378,378,1152,27,27,14,14,0,0,0,0,14,14,1,1,1
1298,1,3,384,384,1152,27,27,14,14,0,0,0,0,14,14,1,1,1
1299,1,3,448,448,1152,32,32,14,14,0,0,0,0,14,14,1,1,1
1300,1,3,896,896,1152,64,64,14,14,0,0,0,0,14,14,1,1,1
1301,1,3,256,256,1152,16,16,16,16,0,0,0,0,16,16,1,1,1
1302,1,64,56,56,192,7,7,8,8,0,0,0,0,8,8,1,1,1
1303,1,64,96,96,192,12,12,8,8,0,0,0,0,8,8,1,1,1
1304,1,3,224,224,256,14,14,16,16,0,0,0,0,16,16,1,1,1
1305,1,256,28,28,768,14,14,3,3,1,1,1,1,2,2,1,1,1
1306,1,3,224,224,160,112,112,3,3,1,1,1,1,2,2,1,1,1
1307,1,160,112,112,160,112,112,3,3,1,1,1,1,1,1,1,1,1
1308,1,320,28,28,1024,14,14,3,3,1,1,1,1,2,2,1,1,1
1309,1,3,256,256,160,128,128,3,3,1,1,1,1,2,2,1,1,1
1310,1,160,128,128,160,128,128,3,3,1,1,1,1,1,1,1,1,1
1311,1,320,32,32,1024,16,16,3,3,1,1,1,1,2,2,1,1,1
1312,1,3,336,336,160,168,168,3,3,1,1,1,1,2,2,1,1,1
1313,1,160,168,168,160,168,168,3,3,1,1,1,1,1,1,1,1,1
1314,1,320,42,42,1024,21,21,3,3,1,1,1,1,2,2,1,1,1
1315,1,3,384,384,160,192,192,3,3,1,1,1,1,2,2,1,1,1
1316,1,160,192,192,160,192,192,3,3,1,1,1,1,1,1,1,1,1
1317,1,320,48,48,1024,24,24,3,3,1,1,1,1,2,2,1,1,1
1318,1,128,28,28,384,14,14,3,3,1,1,1,1,2,2,1,1,1
1319,1,3,256,256,192,128,128,3,3,1,1,1,1,2,2,1,1,1
1320,1,192,128,128,192,128,128,3,3,1,1,1,1,1,1,1,1,1
1321,1,384,32,32,1152,16,16,3,3,1,1,1,1,2,2,1,1,1
1322,1,3,384,384,192,192,192,3,3,1,1,1,1,2,2,1,1,1
1323,1,384,48,48,1152,24,24,3,3,1,1,1,1,2,2,1,1,1
1324,1,64,112,112,192,28,28,4,4,0,0,0,0,4,4,1,1,1
1325,1,3,384,384,64,192,192,7,7,3,3,3,3,2,2,1,1,1
1326,1,64,192,192,192,48,48,4,4,0,0,0,0,4,4,1,1,1
1327,1,192,48,48,384,24,24,2,2,0,0,0,0,2,2,1,1,1
1328,1,64,112,112,256,28,28,4,4,0,0,0,0,4,4,1,1,1
1329,1,64,192,192,256,48,48,4,4,0,0,0,0,4,4,1,1,1
1330,1,256,48,48,512,24,24,2,2,0,0,0,0,2,2,1,1,1
1331,1,64,224,224,256,56,56,4,4,0,0,0,0,4,4,1,1,1
1332,1,64,112,112,384,28,28,4,4,0,0,0,0,4,4,1,1,1
1333,1,64,224,224,384,56,56,4,4,0,0,0,0,4,4,1,1,1
1334,1,128,112,112,384,28,28,4,4,0,0,0,0,4,4,1,1,1
1335,1,3,448,448,128,224,224,7,7,3,3,3,3,2,2,1,1,1
1336,1,128,224,224,128,224,224,3,3,1,1,1,1,1,1,1,1,1
1337,1,128,224,224,384,56,56,4,4,0,0,0,0,4,4,1,1,1
1338,1,3,512,512,128,256,256,7,7,3,3,3,3,2,2,1,1,1
1339,1,128,256,256,128,256,256,3,3,1,1,1,1,1,1,1,1,1
1340,1,128,256,256,384,64,64,4,4,0,0,0,0,4,4,1,1,1
1341,1,3,299,299,32,150,150,3,3,1,1,1,1,2,2,1,1,1
1342,1,32,150,150,64,150,150,3,3,1,1,1,1,1,1,1,1,1
1343,1,192,112,112,384,56,56,3,3,1,1,1,1,2,2,1,1,1
1344,1,384,56,56,768,28,28,3,3,1,1,1,1,2,2,1,1,1
1345,1,3,384,384,192,192,192,3,3,1,1,1,1,2,2,1,1,1
1346,1,192,192,192,384,96,96,3,3,1,1,1,1,2,2,1,1,1
1347,1,384,96,96,768,48,48,3,3,1,1,1,1,2,2,1,1,1
1348,1,3,384,384,96,192,192,3,3,1,1,1,1,2,2,1,1,1
1349,1,96,192,192,192,96,96,3,3,1,1,1,1,2,2,1,1,1
1350,1,192,96,96,384,48,48,3,3,1,1,1,1,2,2,1,1,1
1351,1,384,48,48,768,24,24,3,3,1,1,1,1,2,2,1,1,1
1352,1,3,384,384,128,192,192,3,3,1,1,1,1,2,2,1,1,1
1353,1,128,192,192,256,96,96,3,3,1,1,1,1,2,2,1,1,1
1354,1,256,96,96,512,48,48,3,3,1,1,1,1,2,2,1,1,1
1355,1,64,192,192,128,96,96,3,3,1,1,1,1,2,2,1,1,1
1356,1,128,96,96,256,48,48,3,3,1,1,1,1,2,2,1,1,1
1357,1,256,48,48,512,24,24,3,3,1,1,1,1,2,2,1,1,1
1358,1,32,192,192,64,96,96,3,3,1,1,1,1,2,2,1,1,1
1359,1,64,96,96,128,48,48,3,3,1,1,1,1,2,2,1,1,1
1360,1,3,384,384,16,192,192,3,3,1,1,1,1,2,2,1,1,1
1361,1,16,192,192,32,96,96,3,3,1,1,1,1,2,2,1,1,1
1362,1,32,96,96,64,48,48,3,3,1,1,1,1,2,2,1,1,1
1363,1,64,48,48,128,24,24,3,3,1,1,1,1,2,2,1,1,1
1364,1,96,96,96,192,48,48,3,3,1,1,1,1,2,2,1,1,1
1365,1,192,48,48,384,24,24,3,3,1,1,1,1,2,2,1,1,1
1366,1,24,192,192,48,96,96,3,3,1,1,1,1,2,2,1,1,1
1367,1,48,96,96,96,48,48,3,3,1,1,1,1,2,2,1,1,1
1368,1,96,48,48,192,24,24,3,3,1,1,1,1,2,2,1,1,1
